2026-08-30, 14:31:54.906049, 88000000, 93000000, 98039.22, 204, -40.04, -50.05, -50.28, -34.63, -16.55, -12.55, -19.35, -32.75, -36.72, -38.56, -37.35, -36.24, -43.13, -32.82, -30.84, -34.59, -35.22, -35.98, -40.05, -39.03, -36.23, -34.36, -32.37, -34.43, -31.47, -35.41, -46.67, -50.40, -39.76, -39.93, -32.51, -26.21, -29.24, -28.61, -33.94, -39.36, -35.97, -35.14, -38.21, -41.78, -33.78, -36.12, -38.51, -38.90, -36.63, -39.09, -39.98, -39.39, -37.42, -31.47, -27.26
2026-08-30, 14:31:54.906049, 98000000, 103000000, 98039.22, 204, -28.99, -29.01, -30.25, -30.18, -36.64, -38.51, -35.09, -33.25, -35.90, -28.90, -29.13, -31.89, -34.32, -43.84, -37.18, -39.11, -34.70, -36.86, -41.91, -38.88, -38.74, -38.00, -35.65, -42.62, -33.23, -31.30, -39.58, -29.02, -24.98, -25.60, -32.37, -42.79, -44.83, -40.57, -28.79, -23.15, -27.04, -44.14, -41.28, -40.78, -32.29, -34.00, -36.28, -33.71, -50.64, -29.07, -23.44, -29.92, -33.49, -39.49, -35.23
2026-08-30, 14:31:54.906049, 93000000, 98000000, 98039.22, 204, -37.83, -32.42, -31.96, -23.91, -25.42, -23.63, -22.53, -24.93, -27.03, -26.59, -26.79, -28.81, -27.64, -25.41, -28.17, -29.51, -25.08, -35.87, -20.99, -23.11, -33.90, -29.87, -26.29, -28.57, -36.39, -27.31, -30.11, -28.27, -27.87, -37.35, -27.63, -29.27, -40.91, -35.45, -32.47, -24.85, -23.67, -31.63, -38.40, -35.33, -35.90, -37.41, -26.33, -22.64, -27.59, -34.11, -31.58, -29.79, -31.61, -27.58, -35.95
2026-08-30, 14:31:54.906049, 103000000, 108000000, 98039.22, 204, -36.85, -30.18, -30.30, -25.86, -28.07, -33.75, -46.97, -33.22, -27.78, -35.49, -37.45, -27.48, -23.99, -25.29, -30.79, -39.46, -25.79, -28.96, -37.16, -30.64, -24.96, -22.92, -35.70, -20.69, -22.01, -28.76, -22.68, -22.41, -28.87, -27.68, -37.33, -28.69, -24.39, -25.76, -27.79, -27.23, -25.65, -25.56, -26.98, -32.40, -21.58, -22.37, -34.26, -35.74, -37.33, -30.45, -33.01, -29.94, -26.49, -25.86, -31.28
2026-08-30, 14:31:54.906049, 88000000, 93000000, 98039.22, 204, -40.35, -42.20, -39.99, -19.67, -12.50, -17.53, -42.82, -41.66, -41.36, -42.57, -41.92, -40.43, -43.63, -40.59, -42.06, -38.38, -40.76, -40.60, -41.22, -41.39, -41.53, -40.57, -44.25, -42.18, -38.87, -40.08, -39.67, -40.73, -42.70, -43.32, -38.35, -38.27, -42.09, -39.73, -39.56, -40.09, -41.39, -42.08, -40.53, -39.99, -42.75, -43.78, -40.43, -37.82, -38.30, -37.85, -36.65, -36.00, -36.17, -37.42, -38.91
2026-08-30, 14:31:54.906049, 98000000, 103000000, 98039.22, 204, -25.19, -30.20, -38.18, -40.87, -40.49, -41.43, -42.32, -39.53, -41.71, -41.16, -41.59, -42.71, -42.64, -39.87, -37.14, -39.33, -45.42, -39.18, -38.40, -41.07, -42.46, -41.06, -42.00, -42.50, -39.13, -38.31, -39.35, -27.54, -28.23, -39.43, -38.05, -37.87, -42.66, -42.44, -62.00, -24.99, -23.32, -33.38, -43.11, -41.06, -48.96, -51.19, -49.75, -45.38, -35.11, -25.09, -25.53, -38.33, -40.60, -41.58, -41.31
2026-08-30, 14:31:54.906049, 93000000, 98000000, 98039.22, 204, -60.38, -52.14, -53.63, -59.52, -50.99, -46.19, -36.92, -39.19, -51.74, -52.43, -49.82, -47.60, -48.06, -46.94, -52.63, -58.47, -53.63, -47.64, -50.40, -48.31, -48.99, -50.48, -44.07, -51.43, -61.02, -67.45, -52.59, -50.63, -47.56, -47.82, -39.44, -33.30, -40.35, -48.03, -60.54, -54.85, -66.63, -47.03, -44.85, -48.46, -51.98, -50.74, -68.30, -52.29, -46.69, -48.86, -56.35, -50.33, -46.77, -39.76, -41.08
2026-08-30, 14:31:54.906049, 103000000, 108000000, 98039.22, 204, -52.28, -45.28, -33.08, -34.11, -53.92, -53.43, -56.23, -53.89, -52.83, -35.85, -17.81, -14.68, -21.48, -32.75, -41.27, -49.45, -51.33, -53.57, -65.85, -56.49, -55.91, -60.12, -77.87, -58.52, -61.40, -53.54, -52.63, -56.03, -53.42, -51.69, -55.93, -68.56, -62.07, -61.58, -70.75, -70.19, -63.07, -55.51, -56.17, -62.64, -59.11, -50.57, -41.22, -41.00, -53.34, -59.53, -54.60, -65.24, -59.98, -59.30, -65.80
2026-08-30, 14:31:54.906049, 88000000, 93000000, 98039.22, 204, -47.77, -47.23, -48.82, -39.24, -16.75, -12.10, -19.29, -45.08, -46.28, -49.65, -52.37, -50.25, -41.48, -37.28, -42.59, -51.98, -53.33, -50.34, -49.10, -55.36, -51.65, -47.76, -47.25, -38.99, -46.35, -50.35, -51.22, -46.88, -47.33, -51.33, -41.89, -38.90, -45.77, -67.00, -50.91, -49.51, -49.31, -54.97, -51.43, -58.22, -51.59, -57.27, -51.44, -54.38, -51.42, -46.06, -48.40, -44.07, -45.62, -56.99, -55.39
2026-08-30, 14:31:54.906049, 98000000, 103000000, 98039.22, 204, -26.53, -25.40, -39.95, -40.42, -50.81, -44.75, -41.86, -45.79, -57.34, -46.37, -47.09, -55.57, -59.08, -52.18, -53.76, -60.73, -60.69, -57.82, -57.96, -46.50, -49.60, -51.26, -47.98, -51.55, -46.47, -39.11, -35.51, -27.57, -28.42, -44.90, -44.49, -46.31, -51.61, -42.09, -38.11, -23.48, -22.53, -36.68, -45.25, -55.22, -48.73, -42.18, -45.61, -45.72, -47.95, -27.30, -24.09, -32.35, -53.25, -58.18, -60.77
2026-08-30, 14:31:54.906049, 93000000, 98000000, 98039.22, 204, -57.18, -50.05, -51.19, -54.18, -45.22, -45.37, -43.67, -36.60, -42.26, -45.58, -46.81, -50.94, -48.00, -44.14, -44.57, -47.63, -61.06, -51.64, -60.03, -56.71, -59.21, -53.35, -48.55, -48.27, -51.08, -50.54, -42.06, -39.45, -49.92, -51.10, -37.21, -32.34, -42.56, -49.27, -54.22, -46.30, -46.40, -55.45, -47.50, -48.13, -53.00, -58.01, -52.64, -52.20, -48.95, -48.42, -44.50, -45.48, -44.35, -36.47, -40.32
2026-08-30, 14:31:54.906049, 103000000, 108000000, 98039.22, 204, -54.75, -45.22, -33.58, -33.84, -46.77, -50.18, -52.58, -58.68, -34.12, -34.38, -19.08, -14.76, -23.91, -43.69, -43.19, -51.20, -49.62, -52.37, -67.95, -61.98, -55.00, -57.19, -72.72, -58.30, -51.05, -52.06, -63.90, -53.28, -55.98, -66.34, -59.92, -55.29, -56.59, -61.76, -59.56, -50.55, -48.98, -51.49, -51.46, -52.97, -56.68, -71.30, -45.65, -42.13, -48.87, -55.55, -52.11, -55.71, -93.23, -67.72, -61.64
2026-08-30, 14:31:54.906049, 88000000, 93000000, 98039.22, 204, -53.11, -45.37, -44.57, -29.78, -14.33, -13.48, -26.05, -40.55, -51.43, -54.66, -50.63, -43.69, -36.51, -34.78, -37.83, -39.47, -44.03, -47.89, -53.89, -52.83, -48.02, -42.50, -43.82, -42.41, -44.01, -48.31, -64.24, -51.75, -50.81, -48.80, -48.49, -50.45, -47.53, -47.23, -60.78, -51.81, -49.45, -47.27, -51.01, -58.26, -52.73, -61.49, -57.72, -50.72, -49.26, -58.22, -51.46, -53.19, -54.70, -62.61, -51.68
2026-08-30, 14:31:54.906049, 98000000, 103000000, 98039.22, 204, -30.44, -24.70, -32.11, -49.32, -56.03, -49.38, -45.24, -47.70, -50.88, -48.86, -58.93, -50.81, -47.79, -55.74, -55.28, -49.39, -54.66, -57.11, -43.87, -40.50, -44.75, -44.38, -49.26, -61.29, -50.18, -42.90, -31.78, -29.05, -39.75, -39.12, -44.47, -47.74, -53.55, -45.71, -36.40, -23.04, -22.94, -33.23, -44.63, -45.30, -51.49, -39.29, -39.52, -44.97, -41.40, -26.55, -25.83, -37.74, -54.80, -55.27, -57.52
2026-08-30, 14:31:54.906049, 93000000, 98000000, 98039.22, 204, -45.24, -45.45, -51.22, -53.30, -49.44, -47.38, -38.31, -37.60, -48.64, -51.69, -50.04, -52.26, -53.33, -52.29, -50.13, -48.22, -46.04, -45.42, -48.10, -47.73, -43.70, -53.19, -50.14, -61.92, -45.42, -46.37, -42.71, -39.32, -42.41, -47.09, -36.20, -31.25, -36.52, -42.60, -45.42, -43.20, -44.96, -51.63, -50.50, -48.90, -46.54, -52.87, -49.10, -48.13, -51.41, -53.30, -56.80, -57.96, -55.21, -44.37, -44.25
2026-08-30, 14:31:54.906049, 103000000, 108000000, 98039.22, 204, -48.42, -45.13, -33.56, -34.38, -55.53, -55.24, -71.27, -48.03, -43.38, -32.44, -16.67, -15.18, -29.87, -31.85, -42.87, -56.60, -49.20, -52.59, -54.89, -56.96, -55.91, -57.36, -67.64, -75.80, -60.83, -49.81, -49.94, -55.97, -63.64, -64.35, -56.48, -49.67, -53.89, -62.03, -56.34, -52.34, -51.44, -60.52, -60.19, -60.94, -62.01, -56.31, -45.35, -42.38, -50.54, -65.39, -57.42, -63.02, -64.36, -63.98, -63.46
2026-08-30, 14:31:54.906049, 88000000, 93000000, 98039.22, 204, -41.08, -47.11, -38.16, -32.82, -14.90, -13.11, -22.74, -51.32, -51.23, -46.39, -44.08, -40.82, -36.92, -40.08, -43.22, -52.02, -42.16, -56.26, -46.77, -46.33, -46.85, -47.07, -41.89, -40.19, -44.59, -63.28, -43.44, -46.39, -49.13, -42.70, -45.75, -40.17, -42.04, -50.18, -41.73, -64.12, -52.89, -42.29, -55.46, -47.57, -46.54, -64.66, -44.71, -47.35, -51.01, -45.71, -49.45, -43.70, -40.07, -48.26, -43.94
2026-08-30, 14:31:54.906049, 98000000, 103000000, 98039.22, 204, -27.27, -25.95, -33.80, -61.02, -42.15, -47.85, -41.68, -36.70, -43.90, -41.86, -54.02, -57.41, -41.28, -50.61, -42.04, -47.62, -50.65, -46.79, -47.62, -46.91, -40.90, -49.67, -46.24, -46.18, -44.39, -38.55, -30.65, -29.28, -32.08, -37.92, -58.87, -49.93, -45.01, -46.66, -25.39, -21.84, -28.51, -40.25, -50.14, -49.45, -49.98, -37.56, -42.20, -39.17, -43.32, -26.27, -23.82, -31.73, -50.19, -42.99, -57.24
2026-08-30, 14:31:54.906049, 93000000, 98000000, 98039.22, 204, -47.69, -43.66, -51.08, -47.21, -48.84, -59.73, -41.17, -36.71, -42.71, -54.58, -51.07, -56.10, -48.51, -48.26, -47.56, -56.74, -53.58, -60.31, -62.05, -56.33, -49.92, -48.10, -58.01, -45.76, -47.38, -51.76, -50.73, -46.07, -53.67, -64.89, -35.09, -31.56, -41.06, -48.93, -53.80, -51.59, -47.08, -48.00, -60.87, -61.17, -54.42, -47.03, -48.93, -54.62, -52.07, -58.05, -60.61, -50.95, -46.59, -37.85, -36.01
2026-08-30, 14:31:54.906049, 103000000, 108000000, 98039.22, 204, -53.50, -47.30, -33.45, -33.97, -47.80, -57.37, -50.76, -51.57, -42.15, -34.55, -16.55, -15.36, -27.89, -47.41, -43.66, -57.57, -56.20, -59.75, -55.33, -62.80, -56.06, -52.46, -57.20, -61.06, -52.62, -61.54, -56.66, -60.81, -58.04, -58.18, -58.78, -67.60, -68.22, -59.95, -58.08, -49.82, -54.48, -60.36, -64.67, -59.70, -57.46, -59.97, -51.79, -41.04, -42.82, -58.10, -68.63, -63.40, -60.33, -69.35, -64.30
2026-08-30, 14:31:54.906049, 88000000, 93000000, 98039.22, 204, -40.32, -47.38, -37.40, -27.09, -13.76, -14.14, -29.02, -35.10, -39.31, -37.86, -39.74, -39.96, -35.86, -34.59, -38.84, -38.51, -39.40, -39.24, -39.02, -39.85, -39.20, -38.98, -38.43, -37.14, -39.47, -41.07, -43.58, -41.44, -39.18, -40.19, -45.07, -45.13, -42.83, -40.66, -38.88, -38.64, -40.12, -40.42, -38.85, -37.88, -38.69, -38.41, -37.50, -38.78, -39.38, -37.91, -37.52, -37.87, -37.83, -38.55, -40.66
2026-08-30, 14:31:54.906049, 98000000, 103000000, 98039.22, 204, -27.28, -39.51, -43.91, -43.77, -43.08, -43.12, -46.44, -47.69, -42.40, -41.07, -40.45, -38.91, -39.15, -39.91, -39.49, -38.44, -39.21, -41.09, -40.10, -37.57, -37.95, -41.00, -41.23, -39.00, -39.53, -43.72, -32.94, -29.39, -41.09, -35.47, -38.66, -40.85, -43.16, -42.64, -29.24, -21.92, -27.91, -42.30, -39.15, -39.05, -42.53, -44.82, -44.89, -36.74, -45.56, -27.85, -26.10, -41.30, -36.73, -39.16, -37.32
2026-08-30, 14:31:54.906049, 93000000, 98000000, 98039.22, 204, -53.19, -52.57, -50.70, -53.97, -50.93, -47.75, -38.51, -39.81, -50.27, -51.77, -57.54, -58.63, -57.27, -55.68, -58.06, -60.55, -49.65, -48.60, -52.13, -56.29, -69.88, -52.02, -44.40, -45.07, -49.77, -50.26, -47.57, -49.72, -51.54, -50.23, -42.33, -33.24, -35.20, -43.42, -46.84, -46.23, -54.07, -48.26, -48.99, -47.67, -50.74, -56.95, -60.64, -48.40, -44.81, -50.44, -65.16, -58.38, -61.05, -44.61, -36.81
2026-08-30, 14:31:54.906049, 103000000, 108000000, 98039.22, 204, -57.63, -43.95, -32.40, -33.19, -51.13, -55.33, -54.45, -64.17, -32.57, -33.34, -18.22, -14.39, -21.07, -32.45, -43.09, -53.77, -60.35, -63.53, -62.54, -58.86, -55.76, -51.42, -54.27, -59.82, -62.66, -56.03, -56.14, -61.36, -65.49, -61.64, -55.65, -52.32, -56.61, -60.01, -53.16, -50.74, -52.23, -52.15, -60.79, -53.68, -53.57, -60.50, -63.28, -47.68, -40.76, -48.44, -53.12, -55.09, -54.68, -55.46, -57.71
2026-08-30, 14:31:54.906049, 88000000, 93000000, 98039.22, 204, -48.64, -57.00, -43.42, -29.32, -14.10, -13.20, -24.97, -41.22, -50.18, -54.47, -57.66, -52.53, -38.34, -36.20, -45.90, -51.11, -73.83, -52.52, -52.42, -46.49, -46.38, -52.28, -42.40, -40.04, -41.67, -50.89, -54.85, -52.48, -56.12, -51.07, -46.72, -39.81, -41.55, -51.89, -54.84, -49.84, -51.62, -50.65, -80.82, -54.95, -60.39, -53.79, -50.42, -47.39, -48.98, -49.49, -43.68, -45.27, -43.00, -52.95, -49.26
2026-08-30, 14:31:54.906049, 98000000, 103000000, 98039.22, 204, -25.25, -28.33, -46.00, -42.18, -65.74, -54.79, -49.48, -43.97, -46.78, -43.47, -42.46, -44.94, -49.66, -49.09, -53.51, -54.08, -44.97, -43.31, -52.10, -49.54, -45.09, -53.48, -56.49, -52.87, -49.19, -39.53, -39.14, -27.69, -31.34, -40.98, -47.49, -44.59, -42.59, -37.82, -32.87, -21.89, -24.72, -46.76, -53.18, -59.05, -50.30, -39.76, -41.23, -52.99, -41.31, -26.19, -24.59, -37.23, -43.12, -54.43, -56.79
2026-08-30, 14:31:54.906049, 93000000, 98000000, 98039.22, 204, -48.30, -47.14, -55.54, -54.63, -49.94, -54.67, -37.32, -38.06, -54.09, -48.85, -60.53, -48.40, -52.81, -51.89, -55.54, -54.37, -59.27, -46.89, -47.98, -59.87, -61.01, -68.69, -52.10, -62.81, -55.63, -56.12, -47.69, -50.58, -57.41, -49.32, -40.22, -32.14, -37.75, -57.94, -60.08, -52.64, -51.07, -50.60, -48.73, -45.18, -47.93, -47.72, -51.83, -50.08, -51.34, -51.59, -54.39, -48.54, -47.45, -40.12, -38.02
2026-08-30, 14:31:54.906049, 103000000, 108000000, 98039.22, 204, -60.04, -44.88, -33.03, -34.08, -47.38, -64.33, -61.81, -61.79, -33.99, -24.98, -16.18, -15.14, -29.91, -31.68, -73.58, -61.84, -56.01, -51.35, -55.55, -59.86, -56.32, -51.16, -50.97, -55.93, -64.07, -54.32, -51.50, -52.28, -56.20, -58.27, -64.94, -62.57, -66.18, -66.83, -62.86, -52.27, -55.17, -67.18, -61.28, -56.53, -56.47, -57.72, -55.08, -41.46, -41.23, -55.96, -61.75, -63.61, -63.53, -60.83, -60.69
2026-08-30, 14:31:54.906049, 88000000, 93000000, 98039.22, 204, -51.47, -47.39, -43.45, -26.49, -13.54, -14.49, -32.01, -39.47, -45.12, -52.78, -54.18, -49.90, -38.98, -35.26, -38.69, -42.61, -44.74, -52.23, -55.68, -51.13, -43.52, -41.57, -54.51, -45.50, -48.08, -52.46, -49.44, -48.18, -47.20, -48.42, -43.93, -39.13, -39.42, -47.52, -56.76, -50.64, -47.36, -53.18, -51.00, -83.94, -48.11, -47.52, -50.14, -52.73, -50.74, -47.85, -47.80, -45.64, -46.15, -57.96, -51.28
2026-08-30, 14:31:54.906049, 98000000, 103000000, 98039.22, 204, -24.47, -26.26, -35.32, -41.19, -46.20, -50.08, -44.64, -42.70, -50.99, -51.48, -50.69, -57.88, -56.36, -50.27, -54.01, -53.41, -48.32, -47.57, -48.92, -50.33, -53.88, -61.18, -85.14, -53.50, -51.63, -45.69, -34.65, -27.52, -31.78, -45.40, -45.67, -54.31, -51.13, -41.65, -48.21, -25.96, -22.10, -31.68, -46.48, -50.84, -50.37, -44.31, -52.16, -43.04, -39.21, -26.71, -26.96, -42.38, -43.54, -46.66, -55.46
2026-08-30, 14:31:54.906049, 93000000, 98000000, 98039.22, 204, -43.21, -52.65, -47.75, -47.93, -50.17, -44.96, -35.84, -37.05, -50.30, -46.75, -44.94, -45.26, -47.80, -41.03, -40.45, -50.42, -51.84, -51.51, -44.92, -46.78, -47.82, -45.21, -42.79, -46.82, -47.66, -49.48, -45.42, -58.98, -41.56, -42.03, -37.74, -33.85, -38.00, -59.44, -45.33, -43.16, -42.08, -43.78, -50.84, -47.61, -50.71, -45.28, -52.90, -44.20, -43.86, -41.79, -54.78, -43.44, -47.33, -44.37, -46.51
2026-08-30, 14:31:54.906049, 103000000, 108000000, 98039.22, 204, -42.98, -38.55, -33.41, -36.83, -45.11, -52.24, -45.36, -45.29, -33.47, -31.44, -20.97, -14.71, -21.58, -46.29, -43.57, -54.79, -44.19, -45.66, -47.84, -47.56, -44.89, -45.36, -44.57, -46.21, -47.28, -46.03, -44.72, -45.86, -46.85, -43.30, -45.28, -44.25, -47.89, -45.40, -42.53, -43.47, -51.63, -45.08, -48.14, -46.93, -46.88, -45.97, -48.98, -42.42, -45.17, -42.84, -49.13, -45.89, -45.74, -45.13, -46.36
2026-08-30, 14:31:54.919160, 88000000, 93000000, 98039.22, 204, -45.54, -49.96, -43.81, -42.50, -21.47, -12.17, -15.15, -34.81, -43.01, -38.17, -42.62, -41.69, -48.43, -38.87, -42.88, -43.64, -42.95, -41.60, -44.18, -43.64, -41.16, -39.69, -41.63, -47.24, -42.81, -41.89, -43.44, -40.48, -40.38, -39.84, -47.22, -43.54, -38.59, -42.46, -42.52, -43.08, -43.08, -42.19, -41.34, -42.55, -40.95, -42.16, -42.58, -40.27, -39.98, -40.60, -42.31, -39.64, -40.59, -44.59, -44.99
2026-08-30, 14:31:54.919160, 98000000, 103000000, 98039.22, 204, -28.90, -25.83, -32.20, -38.43, -39.36, -40.81, -43.70, -50.58, -39.52, -38.58, -42.42, -42.72, -41.30, -41.06, -39.19, -40.00, -41.54, -44.76, -46.92, -40.02, -39.30, -41.43, -41.76, -44.30, -41.46, -38.43, -33.03, -29.23, -39.38, -40.00, -43.16, -40.82, -44.42, -38.47, -33.98, -23.12, -25.37, -43.03, -43.46, -38.29, -48.23, -40.80, -40.49, -43.21, -33.53, -23.81, -26.06, -39.16, -43.22, -41.43, -40.00
2026-08-30, 14:31:54.919160, 93000000, 98000000, 98039.22, 204, -45.98, -53.25, -48.31, -45.24, -55.00, -58.82, -41.83, -40.50, -45.77, -43.59, -43.54, -48.35, -52.19, -50.98, -56.48, -57.60, -53.34, -48.06, -46.08, -44.76, -42.39, -43.33, -44.70, -52.22, -52.78, -57.65, -61.25, -47.75, -45.12, -51.00, -42.16, -33.34, -33.57, -37.60, -39.09, -41.34, -43.60, -47.22, -52.26, -53.44, -47.38, -48.10, -46.27, -46.73, -45.43, -47.53, -58.04, -56.68, -52.58, -45.77, -34.27
2026-08-30, 14:31:54.919160, 103000000, 108000000, 98039.22, 204, -51.76, -47.26, -43.10, -32.99, -37.39, -57.95, -63.88, -56.66, -36.54, -27.03, -17.19, -14.80, -24.55, -38.64, -50.21, -49.61, -51.46, -50.31, -49.43, -49.60, -49.42, -52.42, -58.16, -58.43, -53.10, -52.73, -57.21, -52.69, -55.08, -56.95, -52.18, -52.56, -63.50, -66.79, -53.04, -49.25, -50.36, -54.76, -58.54, -64.89, -55.97, -56.46, -49.65, -40.74, -44.00, -57.59, -70.23, -59.74, -58.99, -58.48, -60.35
2026-08-30, 14:31:54.919160, 88000000, 93000000, 98039.22, 204, -55.40, -48.13, -49.87, -37.02, -15.87, -12.32, -20.75, -41.63, -52.00, -52.99, -53.06, -51.34, -39.87, -35.75, -51.94, -44.48, -55.99, -58.45, -52.55, -51.17, -52.54, -47.45, -47.14, -39.19, -47.99, -51.87, -67.11, -58.49, -64.15, -51.37, -44.78, -38.47, -47.69, -54.02, -61.96, -60.78, -52.93, -53.54, -55.08, -60.36, -51.85, -53.26, -54.85, -54.00, -52.63, -56.51, -67.52, -56.32, -57.13, -55.79, -57.01
2026-08-30, 14:31:54.919160, 98000000, 103000000, 98039.22, 204, -28.81, -24.23, -29.35, -36.06, -45.69, -48.40, -44.38, -44.48, -52.73, -51.98, -49.39, -48.86, -48.59, -56.20, -51.55, -61.70, -56.21, -53.39, -53.24, -52.24, -53.58, -48.06, -58.53, -53.44, -51.23, -48.53, -44.44, -29.18, -29.50, -41.07, -48.00, -53.08, -47.02, -46.94, -40.59, -24.17, -21.85, -32.08, -47.51, -56.85, -45.51, -39.02, -40.57, -47.52, -36.04, -25.45, -25.27, -37.60, -56.19, -54.27, -63.05
2026-08-30, 14:31:54.919160, 93000000, 98000000, 98039.22, 204, -44.71, -43.96, -47.06, -44.31, -41.41, -43.79, -44.24, -48.72, -51.53, -50.22, -45.34, -47.16, -50.83, -45.10, -42.71, -42.85, -46.45, -52.01, -46.46, -43.63, -42.75, -43.57, -46.04, -46.33, -46.90, -44.65, -42.96, -43.96, -52.02, -49.28, -34.75, -30.78, -39.10, -55.79, -51.75, -48.06, -54.68, -55.13, -52.43, -50.37, -59.64, -49.86, -50.05, -54.30, -50.05, -46.55, -46.50, -44.54, -43.94, -47.52, -32.57
2026-08-30, 14:31:54.919160, 103000000, 108000000, 98039.22, 204, -59.06, -67.73, -38.93, -33.52, -41.82, -47.85, -48.24, -50.54, -34.29, -39.52, -16.19, -15.31, -30.10, -36.98, -43.66, -49.43, -52.04, -54.59, -56.63, -52.94, -51.32, -48.33, -46.11, -47.45, -51.36, -48.14, -50.02, -59.21, -53.44, -56.76, -59.90, -54.28, -49.58, -49.43, -63.75, -53.55, -59.72, -59.40, -64.25, -63.69, -65.00, -56.69, -42.34, -40.56, -53.48, -54.68, -60.10, -70.28, -59.25, -52.12, -53.08
2026-08-30, 14:31:54.919160, 88000000, 93000000, 98039.22, 204, -50.48, -54.82, -49.61, -52.47, -20.62, -12.24, -15.16, -31.90, -45.39, -47.87, -45.73, -45.73, -45.46, -37.36, -37.80, -49.16, -44.72, -50.64, -49.64, -47.63, -49.79, -44.26, -45.37, -35.53, -39.94, -44.15, -50.70, -48.31, -53.30, -48.19, -44.03, -43.41, -40.89, -47.19, -44.56, -49.16, -47.23, -48.21, -46.77, -41.93, -47.10, -43.50, -45.07, -51.23, -49.79, -49.41, -51.11, -49.03, -43.31, -42.24, -45.50
2026-08-30, 14:31:54.919160, 98000000, 103000000, 98039.22, 204, -26.02, -29.62, -56.96, -41.83, -46.80, -62.33, -39.56, -44.81, -48.50, -52.26, -46.28, -44.81, -44.46, -55.22, -56.72, -43.59, -51.36, -44.24, -43.72, -43.53, -48.77, -47.60, -49.31, -46.41, -46.94, -42.44, -34.37, -28.02, -35.17, -53.68, -45.15, -63.89, -50.94, -40.25, -24.31, -21.64, -28.25, -40.40, -52.66, -45.53, -48.61, -40.59, -38.65, -43.02, -34.26, -25.12, -26.78, -37.14, -44.16, -52.07, -47.36
2026-08-30, 14:31:54.919160, 93000000, 98000000, 98039.22, 204, -51.32, -50.65, -57.72, -48.26, -50.52, -50.59, -41.26, -37.60, -43.43, -55.41, -45.79, -47.68, -51.82, -57.41, -55.18, -65.21, -49.33, -42.19, -47.56, -52.10, -49.54, -53.93, -45.15, -48.35, -49.08, -42.91, -45.76, -40.29, -41.77, -44.31, -51.04, -33.85, -35.70, -46.66, -59.32, -44.85, -44.37, -48.15, -50.90, -46.98, -50.75, -50.37, -50.40, -48.74, -52.46, -51.69, -47.72, -55.82, -55.10, -54.52, -41.17
2026-08-30, 14:31:54.919160, 103000000, 108000000, 98039.22, 204, -67.01, -38.29, -31.25, -36.51, -65.21, -59.79, -51.91, -49.04, -40.61, -29.67, -16.86, -14.61, -23.86, -42.16, -53.06, -66.91, -53.38, -53.05, -53.22, -55.64, -52.50, -57.72, -56.39, -54.52, -55.99, -55.83, -56.47, -65.06, -66.59, -56.65, -53.67, -51.86, -57.09, -78.65, -61.09, -49.58, -50.95, -70.54, -62.78, -57.56, -55.57, -57.76, -54.00, -41.72, -39.13, -47.92, -60.96, -60.89, -69.91, -68.66, -65.28
2026-08-30, 14:31:54.919160, 88000000, 93000000, 98039.22, 204, -38.99, -39.05, -34.79, -31.38, -14.67, -13.93, -25.45, -41.71, -38.03, -43.38, -42.42, -45.54, -34.85, -32.03, -35.77, -35.68, -39.91, -42.39, -44.05, -42.05, -38.96, -38.42, -47.66, -46.59, -44.72, -42.49, -43.61, -39.91, -39.59, -39.38, -39.65, -39.22, -45.19, -44.14, -44.10, -39.82, -38.28, -39.06, -40.42, -35.76, -38.22, -39.24, -39.72, -41.34, -47.21, -45.00, -39.29, -38.07, -36.23, -35.37, -34.90
2026-08-30, 14:31:54.919160, 98000000, 103000000, 98039.22, 204, -29.01, -25.56, -32.85, -44.27, -40.64, -39.89, -42.27, -49.68, -41.32, -40.49, -43.58, -41.09, -42.92, -41.15, -38.56, -37.48, -39.78, -41.45, -42.18, -37.47, -41.16, -39.61, -38.02, -38.33, -42.73, -46.20, -31.97, -30.82, -40.12, -38.95, -39.15, -42.08, -44.45, -43.42, -25.32, -22.16, -31.40, -47.46, -47.44, -44.39, -38.29, -35.92, -38.60, -38.43, -37.15, -26.56, -27.58, -51.59, -41.91, -41.01, -39.03
2026-08-30, 14:31:54.919160, 93000000, 98000000, 98039.22, 204, -50.66, -53.97, -52.52, -53.33, -57.01, -53.80, -40.78, -39.16, -53.03, -64.11, -58.91, -56.26, -53.04, -53.68, -49.02, -49.34, -55.55, -60.43, -56.38, -56.75, -47.95, -45.08, -44.56, -49.87, -52.91, -46.68, -44.62, -43.27, -47.09, -53.52, -38.08, -31.05, -34.55, -47.14, -51.13, -55.80, -50.43, -48.46, -70.82, -45.51, -44.66, -44.97, -45.07, -50.85, -52.84, -49.56, -54.34, -56.62, -50.95, -44.58, -31.78
2026-08-30, 14:31:54.919160, 103000000, 108000000, 98039.22, 204, -56.73, -45.11, -32.82, -34.05, -50.48, -48.99, -52.26, -53.03, -35.83, -30.87, -16.46, -15.08, -24.62, -37.90, -42.96, -66.86, -60.80, -68.24, -53.84, -63.41, -63.98, -66.80, -63.92, -60.87, -89.07, -61.52, -58.04, -62.24, -61.73, -58.34, -60.41, -54.88, -56.12, -57.62, -57.57, -49.73, -49.08, -60.29, -77.83, -58.24, -56.64, -56.71, -73.01, -43.30, -41.13, -51.11, -59.77, -61.15, -61.64, -60.65, -63.55
2026-08-30, 14:31:54.919160, 88000000, 93000000, 98039.22, 204, -37.50, -37.25, -40.55, -18.38, -12.24, -18.69, -40.63, -40.55, -39.58, -39.63, -39.54, -39.53, -36.28, -33.45, -37.24, -40.25, -40.79, -40.29, -40.93, -41.42, -42.91, -44.47, -36.73, -34.28, -37.17, -41.40, -43.52, -41.39, -39.54, -39.37, -41.47, -40.28, -38.52, -38.63, -39.79, -42.60, -43.27, -42.53, -41.37, -42.04, -44.01, -43.88, -43.73, -43.13, -43.77, -43.98, -43.71, -41.90, -40.40, -39.42, -37.95
2026-08-30, 14:31:54.919160, 98000000, 103000000, 98039.22, 204, -28.51, -24.89, -31.37, -36.16, -38.05, -39.32, -38.97, -38.03, -40.14, -40.62, -40.43, -39.41, -39.73, -42.51, -44.49, -43.97, -42.88, -42.63, -43.19, -42.20, -41.14, -40.66, -40.54, -40.13, -37.54, -36.44, -34.29, -29.95, -48.77, -38.22, -41.41, -41.09, -39.07, -45.33, -28.74, -21.55, -26.67, -42.80, -38.09, -40.87, -42.52, -50.78, -48.70, -42.79, -36.33, -25.36, -26.32, -34.87, -37.72, -41.48, -39.63
2026-08-30, 14:31:54.919160, 93000000, 98000000, 98039.22, 204, -49.96, -49.79, -51.57, -66.14, -52.76, -53.59, -42.65, -38.61, -47.37, -54.91, -45.24, -48.38, -53.26, -53.36, -53.53, -52.04, -66.20, -48.12, -49.61, -52.19, -53.47, -53.97, -46.69, -54.50, -55.46, -56.24, -60.94, -48.87, -54.25, -57.02, -37.45, -32.06, -37.61, -41.78, -48.98, -52.36, -56.82, -51.94, -49.47, -49.41, -52.74, -53.81, -48.65, -47.41, -53.43, -58.16, -55.78, -55.44, -51.63, -46.13, -40.96
2026-08-30, 14:31:54.919160, 103000000, 108000000, 98039.22, 204, -63.82, -45.47, -33.00, -33.60, -47.72, -62.98, -58.11, -56.25, -37.66, -27.36, -16.54, -15.00, -26.71, -29.10, -48.82, -58.86, -56.91, -59.62, -51.82, -53.05, -69.99, -74.52, -79.16, -62.72, -64.08, -51.10, -49.69, -61.84, -60.28, -58.59, -61.82, -62.93, -62.55, -63.72, -65.48, -56.32, -49.66, -53.58, -61.22, -60.19, -58.13, -62.65, -64.17, -47.83, -39.55, -43.54, -62.21, -58.94, -70.91, -70.04, -68.83
2026-08-30, 14:31:54.919160, 88000000, 93000000, 98039.22, 204, -47.57, -47.02, -37.16, -39.55, -17.31, -12.84, -21.31, -34.35, -44.16, -45.95, -47.07, -43.31, -47.46, -43.67, -36.18, -33.96, -37.84, -38.20, -45.65, -44.14, -38.00, -34.16, -36.77, -37.19, -36.08, -35.08, -41.35, -62.94, -46.41, -38.36, -36.82, -35.37, -35.71, -33.29, -37.00, -44.12, -46.30, -47.29, -37.13, -33.57, -35.75, -34.27, -34.80, -38.00, -42.16, -68.07, -43.79, -36.40, -36.48, -33.42, -31.85
2026-08-30, 14:31:54.919160, 98000000, 103000000, 98039.22, 204, -29.35, -28.76, -46.94, -35.08, -41.47, -43.91, -47.41, -42.03, -36.31, -33.18, -33.44, -33.43, -37.61, -40.54, -43.91, -43.99, -39.03, -34.84, -32.88, -32.10, -34.87, -35.80, -41.86, -59.67, -44.41, -37.68, -39.25, -31.91, -38.36, -36.37, -41.31, -49.19, -49.11, -33.79, -23.64, -21.20, -30.95, -33.38, -36.41, -39.98, -41.61, -45.85, -48.74, -34.95, -35.83, -31.22, -25.93, -34.80, -41.78, -52.70, -49.59
2026-08-30, 14:31:54.919160, 93000000, 98000000, 98039.22, 204, -52.53, -49.41, -45.04, -52.53, -64.27, -45.32, -35.94, -37.03, -49.92, -50.21, -46.88, -50.31, -54.59, -46.31, -51.38, -46.89, -49.25, -48.90, -60.95, -56.56, -46.29, -49.10, -50.36, -46.88, -52.82, -57.97, -50.78, -47.52, -49.30, -47.89, -57.03, -34.83, -31.68, -39.03, -42.35, -45.68, -45.77, -48.98, -51.22, -49.56, -50.85, -51.60, -53.22, -56.75, -57.36, -53.73, -51.86, -46.76, -43.59, -57.40, -27.86
2026-08-30, 14:31:54.919160, 103000000, 108000000, 98039.22, 204, -52.57, -51.19, -34.08, -33.48, -45.89, -61.86, -48.51, -45.41, -37.32, -29.07, -18.22, -14.78, -21.88, -38.62, -44.09, -52.42, -69.81, -59.95, -63.36, -56.60, -62.21, -64.19, -56.02, -57.55, -56.11, -51.76, -62.35, -57.70, -60.98, -50.20, -53.55, -54.73, -55.21, -61.55, -62.02, -54.31, -54.44, -60.11, -59.01, -65.52, -68.42, -70.55, -56.80, -43.13, -42.89, -55.36, -58.91, -53.73, -58.06, -67.19, -71.36
2026-08-30, 14:31:54.919160, 88000000, 93000000, 98039.22, 204, -43.81, -49.63, -49.59, -20.50, -12.45, -16.05, -35.27, -42.34, -47.49, -45.91, -45.12, -41.67, -35.46, -38.66, -42.20, -43.07, -49.61, -48.06, -44.22, -45.14, -41.79, -44.83, -37.83, -36.95, -60.01, -45.08, -45.02, -46.61, -45.15, -44.37, -40.67, -39.28, -51.57, -43.30, -44.44, -46.07, -43.91, -50.52, -43.76, -40.70, -44.28, -45.89, -47.11, -46.43, -42.56, -42.24, -45.71, -47.31, -47.44, -42.36, -44.01
2026-08-30, 14:31:54.919160, 98000000, 103000000, 98039.22, 204, -24.94, -30.44, -43.25, -47.17, -47.90, -48.90, -53.76, -43.84, -45.02, -47.12, -42.41, -45.30, -49.19, -49.70, -43.61, -45.18, -41.28, -43.54, -45.44, -47.95, -52.00, -44.05, -44.51, -43.45, -48.84, -40.76, -30.86, -27.71, -33.20, -57.34, -39.24, -43.79, -49.36, -46.17, -31.01, -22.16, -24.90, -40.24, -40.07, -43.20, -54.29, -37.17, -39.71, -46.72, -37.70, -26.35, -25.33, -35.12, -49.20, -46.29, -44.89
2026-08-30, 14:31:54.919160, 93000000, 98000000, 98039.22, 204, -48.29, -50.65, -53.53, -51.48, -47.92, -44.91, -39.39, -38.94, -47.54, -46.84, -50.09, -57.00, -56.15, -50.90, -47.23, -46.59, -45.26, -44.64, -46.74, -45.81, -49.71, -49.50, -44.17, -48.74, -57.28, -51.56, -45.85, -43.29, -49.07, -44.06, -34.50, -31.00, -38.82, -57.62, -48.18, -42.28, -43.23, -49.62, -55.73, -50.54, -52.27, -54.15, -60.30, -56.52, -54.45, -50.15, -47.37, -49.90, -49.81, -49.85, -31.96
2026-08-30, 14:31:54.919160, 103000000, 108000000, 98039.22, 204, -58.09, -42.96, -32.33, -33.97, -46.25, -60.08, -58.05, -63.82, -35.37, -29.29, -17.39, -14.57, -22.98, -45.57, -50.94, -50.12, -51.39, -55.67, -55.74, -58.54, -66.12, -73.20, -67.21, -57.45, -55.25, -57.36, -66.00, -64.86, -58.05, -55.06, -58.63, -68.64, -55.36, -56.96, -51.46, -47.46, -52.07, -62.94, -57.17, -74.55, -58.38, -56.79, -43.19, -42.11, -54.57, -57.72, -57.09, -58.70, -59.80, -66.35, -63.53
2026-08-30, 14:31:54.919160, 88000000, 93000000, 98039.22, 204, -50.69, -51.35, -54.76, -32.08, -15.03, -12.57, -22.41, -39.46, -63.36, -52.34, -48.94, -49.83, -36.55, -34.66, -42.82, -45.36, -60.50, -55.60, -57.25, -50.75, -50.97, -46.75, -46.27, -38.90, -44.79, -48.03, -52.31, -53.75, -55.56, -61.10, -48.67, -51.95, -53.22, -49.42, -54.14, -53.48, -51.31, -53.68, -55.36, -48.89, -50.22, -51.71, -61.58, -51.30, -56.00, -57.70, -59.18, -52.08, -47.56, -49.18, -54.49
2026-08-30, 14:31:54.919160, 98000000, 103000000, 98039.22, 204, -27.10, -24.75, -31.81, -50.64, -45.31, -49.35, -43.50, -45.68, -55.04, -54.29, -63.33, -67.72, -49.92, -55.99, -53.43, -56.36, -54.93, -50.09, -57.88, -49.59, -45.32, -45.42, -44.40, -55.86, -48.79, -65.75, -35.98, -27.40, -29.40, -42.16, -47.87, -48.37, -58.30, -48.51, -29.08, -21.42, -25.94, -46.77, -49.22, -50.27, -45.62, -40.80, -41.05, -57.23, -36.23, -24.77, -26.40, -43.73, -47.72, -52.26, -51.78
2026-08-30, 14:31:54.919160, 93000000, 98000000, 98039.22, 204, -47.72, -48.53, -45.24, -53.24, -50.45, -50.35, -42.97, -38.67, -45.07, -49.83, -49.84, -53.26, -63.42, -59.23, -60.42, -53.09, -54.80, -47.21, -48.15, -51.32, -52.98, -43.92, -42.26, -47.20, -50.63, -49.18, -61.95, -51.73, -51.02, -49.80, -39.53, -32.99, -36.36, -47.73, -48.31, -57.34, -52.75, -56.06, -58.64, -49.06, -48.50, -53.65, -49.68, -46.04, -49.90, -54.15, -50.13, -46.17, -45.85, -48.30, -30.68
2026-08-30, 14:31:54.919160, 103000000, 108000000, 98039.22, 204, -53.68, -57.93, -35.97, -32.79, -40.73, -49.12, -50.66, -52.24, -36.38, -28.65, -16.64, -15.09, -26.50, -43.94, -45.77, -55.78, -83.78, -54.71, -51.70, -60.31, -55.29, -52.33, -60.97, -57.66, -49.85, -53.75, -61.80, -56.74, -58.14, -63.13, -64.43, -75.66, -63.10, -60.32, -54.28, -50.24, -53.61, -53.44, -57.12, -59.71, -79.49, -54.22, -44.15, -41.39, -49.12, -63.52, -60.83, -58.18, -57.16, -57.10, -58.55
2026-08-30, 14:31:54.932272, 88000000, 93000000, 98039.22, 204, -39.16, -45.44, -34.05, -37.42, -16.32, -14.00, -26.55, -33.81, -57.18, -44.59, -41.44, -42.31, -46.92, -56.37, -34.70, -30.24, -32.08, -33.79, -37.72, -37.49, -33.31, -31.38, -35.65, -43.93, -45.97, -39.46, -42.40, -41.70, -40.62, -39.27, -32.74, -28.96, -30.66, -31.63, -33.94, -43.04, -39.58, -35.00, -37.85, -38.11, -41.11, -37.62, -34.81, -33.82, -35.48, -40.42, -37.77, -32.31, -31.01, -31.10, -33.01
2026-08-30, 14:31:54.932272, 98000000, 103000000, 98039.22, 204, -27.65, -30.60, -36.82, -34.16, -37.14, -39.05, -32.40, -32.13, -36.46, -39.33, -39.17, -35.95, -37.44, -35.64, -38.59, -40.11, -36.06, -32.56, -30.87, -29.83, -32.99, -39.94, -43.35, -42.80, -41.05, -36.67, -35.00, -28.22, -30.72, -33.50, -32.05, -35.26, -36.50, -33.97, -37.08, -28.21, -24.85, -39.87, -41.63, -42.03, -39.55, -36.56, -41.65, -38.38, -43.69, -30.25, -31.88, -33.51, -32.94, -39.45, -37.59
2026-08-30, 14:31:54.932272, 93000000, 98000000, 98039.22, 204, -56.77, -59.01, -53.31, -48.67, -47.00, -49.54, -37.63, -39.13, -52.92, -48.70, -54.85, -67.49, -51.41, -51.93, -52.40, -50.79, -48.80, -47.98, -53.92, -47.86, -55.41, -55.57, -57.74, -53.64, -55.33, -47.98, -40.29, -39.21, -45.97, -54.28, -38.33, -32.29, -35.95, -40.33, -44.74, -43.52, -44.88, -59.99, -52.17, -48.18, -46.98, -47.53, -55.15, -54.16, -52.10, -54.33, -49.18, -54.22, -60.42, -41.99, -38.40
2026-08-30, 14:31:54.932272, 103000000, 108000000, 98039.22, 204, -58.69, -61.01, -34.88, -32.72, -43.16, -50.30, -52.40, -50.10, -31.87, -28.24, -19.42, -14.90, -23.08, -41.59, -44.08, -48.91, -48.55, -49.10, -56.20, -62.38, -61.98, -54.03, -52.35, -55.66, -59.14, -50.75, -56.22, -55.18, -55.89, -59.28, -55.89, -53.10, -56.64, -63.12, -59.76, -49.76, -50.27, -57.32, -58.53, -77.75, -56.55, -51.11, -44.20, -42.84, -49.55, -56.77, -59.68, -58.77, -52.10, -51.56, -64.76
2026-08-30, 14:31:54.932272, 88000000, 93000000, 98039.22, 204, -54.64, -48.27, -45.85, -20.35, -12.30, -15.86, -36.43, -50.85, -49.60, -48.51, -65.31, -61.32, -39.83, -36.90, -40.87, -49.53, -48.95, -49.88, -51.49, -77.70, -51.77, -45.53, -41.64, -40.19, -46.15, -55.00, -50.38, -55.63, -49.60, -51.26, -44.88, -41.05, -45.48, -47.96, -51.97, -50.06, -50.77, -59.94, -49.81, -48.43, -55.30, -47.22, -55.05, -60.02, -44.96, -51.03, -48.58, -49.45, -50.72, -56.98, -47.70
2026-08-30, 14:31:54.932272, 98000000, 103000000, 98039.22, 204, -29.38, -24.86, -35.60, -40.71, -50.47, -51.74, -45.33, -43.48, -48.16, -74.06, -56.31, -49.82, -46.81, -55.92, -51.58, -51.59, -52.63, -49.33, -56.00, -53.04, -45.24, -49.12, -53.91, -55.79, -49.71, -56.46, -31.34, -28.58, -36.36, -55.79, -44.85, -49.21, -49.72, -62.22, -28.23, -21.41, -26.18, -40.09, -45.96, -52.29, -44.22, -37.39, -37.92, -52.20, -38.54, -25.53, -25.92, -39.83, -43.94, -48.90, -45.78
2026-08-30, 14:31:54.932272, 93000000, 98000000, 98039.22, 204, -50.47, -52.77, -54.83, -58.22, -57.29, -57.04, -42.30, -36.28, -42.10, -50.16, -58.32, -50.28, -49.76, -49.21, -43.94, -47.01, -50.72, -55.49, -65.82, -52.77, -50.69, -50.04, -46.32, -48.37, -52.88, -52.06, -45.02, -38.84, -40.80, -41.89, -33.90, -35.35, -41.17, -43.31, -56.35, -53.22, -60.75, -50.38, -55.23, -58.08, -54.32, -58.69, -47.16, -49.17, -56.98, -56.96, -48.97, -62.58, -48.23, -43.72, -38.29
2026-08-30, 14:31:54.932272, 103000000, 108000000, 98039.22, 204, -48.74, -56.05, -34.18, -34.09, -46.64, -48.39, -52.50, -57.03, -43.02, -32.66, -16.49, -14.73, -21.97, -31.45, -46.25, -50.08, -57.73, -55.24, -62.64, -58.86, -62.35, -58.02, -57.03, -70.40, -53.53, -53.69, -57.84, -61.34, -67.64, -69.17, -59.37, -67.18, -58.38, -62.29, -58.06, -47.56, -48.73, -66.49, -55.74, -57.95, -60.55, -60.26, -43.54, -41.56, -51.68, -63.74, -58.77, -67.99, -57.28, -58.58, -69.82
2026-08-30, 14:31:54.932272, 88000000, 93000000, 98039.22, 204, -50.74, -62.40, -45.01, -43.07, -18.54, -11.75, -16.85, -45.44, -42.54, -48.23, -50.71, -52.03, -41.38, -35.47, -42.64, -52.31, -57.11, -54.20, -51.81, -53.66, -49.26, -46.26, -42.09, -39.38, -51.77, -53.62, -63.06, -51.73, -53.03, -56.83, -44.53, -40.86, -49.96, -47.82, -45.99, -49.43, -56.56, -53.30, -46.46, -44.22, -46.31, -51.92, -46.71, -45.67, -43.37, -48.78, -53.40, -49.94, -56.42, -52.83, -52.64
2026-08-30, 14:31:54.932272, 98000000, 103000000, 98039.22, 204, -30.28, -25.22, -31.74, -43.05, -49.33, -47.08, -52.09, -43.06, -49.77, -56.27, -65.14, -64.68, -61.57, -53.26, -58.38, -53.76, -50.90, -57.36, -58.47, -54.64, -48.79, -47.75, -55.38, -56.55, -59.31, -49.26, -31.06, -28.38, -36.18, -46.65, -46.83, -52.17, -56.42, -48.01, -26.83, -20.93, -26.25, -50.78, -51.76, -55.92, -52.02, -47.07, -53.23, -46.60, -35.60, -24.78, -26.73, -46.39, -50.15, -64.07, -54.99
2026-08-30, 14:31:54.932272, 93000000, 98000000, 98039.22, 204, -51.67, -55.32, -50.68, -47.96, -47.11, -44.39, -36.99, -37.06, -48.55, -57.31, -49.58, -54.80, -56.70, -53.85, -48.12, -51.48, -52.01, -49.60, -55.27, -48.88, -45.35, -65.51, -47.53, -59.33, -63.08, -59.24, -47.50, -41.79, -42.05, -49.23, -35.19, -33.00, -49.95, -43.83, -49.78, -54.71, -72.54, -51.61, -56.22, -48.75, -55.09, -55.60, -48.02, -45.21, -49.15, -55.39, -49.33, -50.04, -55.65, -43.93, -29.98
2026-08-30, 14:31:54.932272, 103000000, 108000000, 98039.22, 204, -57.71, -61.47, -36.58, -32.29, -39.04, -49.40, -50.82, -51.92, -32.97, -29.02, -20.20, -14.81, -23.28, -40.56, -44.27, -57.62, -65.05, -57.52, -61.03, -55.61, -53.16, -61.42, -56.69, -51.83, -53.14, -51.09, -51.60, -59.07, -63.17, -63.78, -55.77, -54.60, -58.03, -59.83, -61.86, -51.88, -57.48, -65.46, -69.81, -60.92, -64.61, -57.16, -55.70, -42.07, -43.17, -56.67, -63.37, -63.52, -61.06, -60.21, -58.35
2026-08-30, 14:31:54.932272, 88000000, 93000000, 98039.22, 204, -44.95, -44.70, -46.75, -49.30, -21.41, -12.23, -15.13, -33.77, -52.02, -55.18, -50.64, -50.59, -39.30, -38.29, -52.90, -49.57, -47.91, -61.95, -64.99, -62.00, -51.35, -44.79, -38.63, -38.23, -47.19, -59.24, -48.71, -55.81, -73.00, -50.35, -49.98, -39.89, -40.64, -51.36, -53.01, -50.16, -65.74, -56.37, -60.42, -52.30, -46.87, -52.92, -65.80, -61.22, -69.19, -58.15, -51.28, -47.30, -47.95, -47.43, -50.83
2026-08-30, 14:31:54.932272, 98000000, 103000000, 98039.22, 204, -24.82, -27.44, -39.95, -44.83, -56.37, -52.28, -44.61, -41.44, -47.07, -51.39, -48.15, -49.98, -56.08, -51.91, -57.72, -51.19, -45.56, -46.49, -53.50, -62.58, -52.58, -51.81, -59.64, -58.37, -47.99, -41.38, -44.60, -29.38, -31.15, -45.62, -60.20, -60.42, -58.47, -45.64, -25.07, -21.25, -29.41, -55.00, -46.50, -49.58, -47.02, -39.76, -42.80, -42.80, -29.02, -24.36, -31.14, -45.35, -45.01, -53.35, -54.16
2026-08-30, 14:31:54.932272, 93000000, 98000000, 98039.22, 204, -55.61, -48.44, -51.23, -53.49, -54.44, -56.88, -39.54, -34.74, -38.59, -44.79, -47.79, -52.23, -46.00, -47.20, -52.54, -61.12, -54.88, -51.16, -49.65, -55.24, -53.47, -50.93, -45.03, -43.95, -53.43, -56.57, -46.86, -49.20, -54.18, -48.87, -48.46, -34.18, -33.35, -41.09, -45.82, -46.59, -49.20, -51.07, -54.14, -56.05, -65.30, -58.42, -54.42, -54.21, -57.87, -48.28, -49.55, -46.16, -50.32, -38.08, -35.25
2026-08-30, 14:31:54.932272, 103000000, 108000000, 98039.22, 204, -49.37, -41.12, -32.46, -35.05, -75.73, -51.38, -61.41, -51.07, -30.82, -25.28, -16.92, -14.74, -23.89, -33.83, -44.76, -58.17, -55.16, -52.25, -55.88, -56.17, -64.90, -57.26, -62.39, -55.73, -59.80, -51.24, -58.49, -64.83, -78.11, -63.95, -56.14, -58.36, -60.35, -66.22, -54.00, -51.53, -70.17, -62.50, -62.76, -55.81, -59.02, -60.60, -56.85, -42.37, -41.99, -53.06, -67.29, -67.40, -61.43, -61.97, -62.53
2026-08-30, 14:31:54.932272, 88000000, 93000000, 98039.22, 204, -41.24, -43.98, -58.69, -34.22, -15.80, -12.83, -20.94, -40.30, -39.94, -53.08, -51.37, -41.48, -39.70, -43.52, -37.55, -37.29, -39.81, -44.52, -46.07, -46.64, -47.52, -39.98, -35.69, -44.96, -40.78, -40.57, -43.13, -51.71, -47.79, -40.65, -37.11, -37.75, -38.40, -39.78, -39.70, -42.63, -49.19, -49.82, -42.87, -39.56, -39.33, -37.50, -39.52, -42.68, -42.68, -44.78, -44.87, -41.73, -39.93, -39.93, -39.33
2026-08-30, 14:31:54.932272, 98000000, 103000000, 98039.22, 204, -27.40, -29.95, -38.14, -38.34, -62.23, -51.84, -40.03, -38.09, -41.94, -41.05, -39.48, -40.35, -41.17, -43.42, -50.12, -50.20, -40.67, -37.58, -39.18, -38.41, -39.08, -40.89, -42.20, -43.74, -45.53, -42.18, -33.10, -29.32, -32.89, -38.63, -47.65, -44.28, -47.93, -57.71, -31.10, -22.45, -26.44, -40.50, -40.38, -45.25, -45.22, -38.20, -39.95, -40.02, -29.35, -26.10, -30.13, -35.53, -39.09, -47.25, -50.35
2026-08-30, 14:31:54.932272, 93000000, 98000000, 98039.22, 204, -71.13, -67.73, -51.06, -44.31, -43.50, -44.57, -39.77, -39.01, -46.97, -46.83, -42.92, -45.65, -47.13, -47.59, -49.08, -50.68, -59.47, -50.84, -54.67, -51.66, -54.36, -49.67, -46.13, -49.74, -53.62, -46.97, -42.91, -42.75, -53.01, -57.11, -40.61, -32.65, -35.98, -55.47, -65.13, -53.06, -60.17, -52.80, -70.96, -52.19, -47.14, -50.11, -50.38, -46.80, -43.49, -46.88, -51.71, -54.44, -59.96, -43.34, -37.15
2026-08-30, 14:31:54.932272, 103000000, 108000000, 98039.22, 204, -50.11, -46.53, -32.46, -33.13, -46.14, -55.51, -74.52, -55.77, -39.61, -26.75, -15.47, -15.13, -27.17, -44.67, -44.27, -61.02, -50.81, -57.26, -55.47, -52.14, -57.58, -71.11, -61.05, -56.27, -74.20, -53.07, -51.03, -55.60, -54.61, -51.61, -55.06, -57.97, -61.55, -52.89, -53.65, -52.89, -56.49, -61.32, -63.92, -56.43, -59.46, -58.79, -46.88, -41.65, -47.88, -57.79, -55.01, -54.39, -57.72, -62.44, -59.84
2026-08-30, 14:31:54.932272, 88000000, 93000000, 98039.22, 204, -37.80, -37.07, -42.88, -43.04, -17.72, -12.44, -19.51, -37.33, -36.85, -39.42, -40.06, -39.70, -52.48, -42.38, -39.27, -36.33, -38.95, -39.54, -39.68, -40.64, -41.54, -38.61, -40.52, -49.61, -40.76, -38.38, -41.56, -39.99, -39.99, -40.71, -39.88, -36.70, -38.57, -41.77, -38.65, -40.68, -42.69, -40.87, -39.06, -39.50, -39.27, -39.95, -39.65, -40.33, -40.71, -44.98, -43.12, -39.01, -39.85, -43.58, -40.53
2026-08-30, 14:31:54.932272, 98000000, 103000000, 98039.22, 204, -26.83, -25.09, -37.01, -38.91, -43.33, -44.46, -44.06, -47.25, -45.11, -44.47, -40.12, -41.76, -42.63, -44.31, -43.47, -41.04, -38.89, -40.78, -44.50, -42.94, -42.74, -47.49, -43.58, -41.86, -40.93, -38.20, -28.99, -25.54, -30.52, -38.79, -48.38, -46.46, -41.43, -38.98, -39.06, -25.40, -22.12, -31.09, -44.16, -42.46, -46.86, -55.49, -46.69, -41.32, -34.63, -25.66, -30.03, -50.82, -42.61, -41.92, -43.19
2026-08-30, 14:31:54.932272, 93000000, 98000000, 98039.22, 204, -48.70, -48.50, -52.91, -47.12, -49.22, -55.05, -40.37, -35.59, -42.55, -56.32, -49.65, -44.38, -46.24, -59.94, -57.58, -50.39, -48.59, -47.96, -54.94, -57.02, -70.16, -48.30, -42.95, -46.37, -56.80, -54.63, -46.61, -43.38, -44.61, -47.45, -44.79, -32.28, -33.62, -45.79, -53.41, -49.43, -46.96, -68.46, -61.44, -46.79, -51.41, -52.35, -52.99, -55.68, -53.67, -55.11, -52.82, -72.34, -55.38, -51.06, -41.30
2026-08-30, 14:31:54.932272, 103000000, 108000000, 98039.22, 204, -50.80, -48.91, -32.82, -33.29, -46.39, -56.03, -56.27, -53.24, -39.36, -37.90, -17.92, -14.69, -23.96, -45.90, -48.04, -56.51, -73.51, -65.21, -61.66, -62.07, -69.86, -62.37, -60.67, -57.65, -49.89, -50.68, -54.36, -55.73, -64.17, -61.68, -56.76, -53.72, -54.62, -81.17, -53.17, -50.49, -60.39, -66.07, -57.04, -54.23, -59.74, -66.08, -54.99, -41.14, -41.18, -57.15, -57.70, -59.42, -78.30, -59.56, -65.26
2026-08-30, 14:31:54.932272, 88000000, 93000000, 98039.22, 204, -37.98, -38.92, -38.89, -24.15, -13.36, -15.14, -32.94, -36.99, -40.56, -37.74, -41.65, -38.55, -35.38, -32.97, -36.77, -49.76, -40.49, -39.99, -40.25, -37.49, -40.99, -37.90, -37.49, -36.65, -36.29, -42.82, -38.43, -41.35, -40.37, -38.61, -48.78, -38.71, -40.64, -39.00, -38.06, -42.48, -37.61, -40.20, -39.64, -40.51, -39.13, -37.44, -43.68, -39.72, -39.61, -42.81, -39.02, -43.03, -38.57, -43.36, -40.78
2026-08-30, 14:31:54.932272, 98000000, 103000000, 98039.22, 204, -28.36, -27.68, -43.95, -35.40, -47.05, -38.25, -36.21, -38.40, -37.05, -41.99, -39.75, -44.20, -42.70, -37.46, -39.82, -37.12, -40.51, -38.72, -38.58, -45.64, -40.93, -42.42, -38.70, -40.10, -55.20, -47.99, -35.99, -29.18, -36.59, -41.64, -37.05, -40.77, -39.28, -38.76, -27.29, -22.14, -28.71, -38.83, -41.73, -41.33, -36.58, -36.98, -37.87, -41.31, -28.61, -22.73, -27.78, -46.38, -42.57, -39.93, -39.85
2026-08-30, 14:31:54.932272, 93000000, 98000000, 98039.22, 204, -49.48, -52.03, -53.55, -55.17, -50.98, -47.20, -38.97, -38.35, -45.98, -52.25, -60.40, -56.32, -59.69, -54.48, -51.27, -54.93, -54.05, -53.54, -55.08, -63.35, -51.15, -51.56, -47.45, -49.42, -64.45, -55.76, -45.65, -43.36, -45.47, -46.38, -35.76, -30.84, -36.56, -56.18, -49.24, -43.31, -43.29, -48.23, -46.46, -49.51, -49.86, -49.55, -50.58, -50.73, -53.30, -62.58, -53.58, -55.06, -47.10, -55.63, -31.07
2026-08-30, 14:31:54.932272, 103000000, 108000000, 98039.22, 204, -59.78, -51.27, -35.14, -33.27, -45.63, -52.29, -61.66, -62.72, -40.27, -35.83, -16.73, -14.77, -23.78, -38.76, -43.12, -57.30, -54.29, -60.70, -66.23, -55.25, -52.46, -53.26, -56.40, -62.24, -58.81, -51.80, -52.86, -56.89, -61.68, -72.07, -63.31, -62.81, -61.52, -58.88, -66.59, -56.83, -56.62, -58.95, -53.33, -53.35, -56.66, -53.04, -59.48, -42.47, -44.68, -65.64, -55.90, -57.65, -57.99, -58.28, -64.34
2026-08-30, 14:31:54.932272, 88000000, 93000000, 98039.22, 204, -38.86, -41.68, -35.60, -24.79, -13.31, -15.24, -37.85, -34.39, -39.80, -38.82, -40.31, -41.72, -32.98, -31.30, -36.04, -35.86, -39.09, -40.11, -38.37, -42.14, -39.39, -39.83, -41.58, -38.74, -42.11, -40.81, -39.93, -41.59, -38.37, -39.31, -43.16, -42.93, -42.06, -38.40, -37.14, -42.50, -40.22, -41.16, -42.19, -39.51, -42.48, -39.11, -39.25, -42.73, -39.87, -44.39, -41.05, -37.24, -38.52, -35.86, -37.19
2026-08-30, 14:31:54.932272, 98000000, 103000000, 98039.22, 204, -26.41, -29.80, -40.63, -36.93, -42.16, -43.05, -44.99, -53.58, -38.90, -38.25, -39.73, -37.43, -42.20, -43.62, -41.75, -43.40, -38.79, -40.23, -41.11, -38.76, -41.13, -38.63, -37.52, -38.16, -36.13, -37.83, -44.01, -30.30, -35.32, -39.48, -37.90, -40.16, -36.63, -36.35, -26.80, -22.41, -30.79, -40.17, -39.04, -40.46, -38.98, -37.86, -37.22, -37.33, -38.52, -25.65, -24.80, -33.37, -35.86, -41.37, -39.25
2026-08-30, 14:31:54.932272, 93000000, 98000000, 98039.22, 204, -45.43, -51.23, -58.72, -49.66, -54.02, -68.13, -40.89, -38.23, -54.42, -50.84, -50.14, -54.66, -60.80, -55.83, -58.52, -59.60, -59.41, -52.41, -57.76, -49.77, -50.63, -56.48, -48.71, -45.39, -45.08, -51.37, -49.75, -46.08, -45.59, -50.77, -35.97, -32.44, -38.44, -43.33, -47.07, -56.66, -64.47, -49.35, -56.17, -45.70, -50.55, -57.62, -53.42, -49.16, -45.06, -48.18, -51.65, -52.62, -46.76, -37.80, -33.64
2026-08-30, 14:31:54.932272, 103000000, 108000000, 98039.22, 204, -59.98, -53.53, -37.76, -32.62, -38.18, -64.89, -58.49, -53.12, -45.83, -35.25, -17.82, -14.94, -25.20, -39.69, -45.66, -50.67, -51.04, -50.60, -55.17, -54.47, -69.45, -55.67, -55.18, -60.77, -54.82, -58.38, -53.18, -60.22, -64.95, -52.52, -51.41, -54.67, -58.86, -55.75, -60.40, -52.36, -52.13, -53.33, -61.36, -53.42, -55.92, -58.08, -69.50, -44.44, -40.62, -49.04, -64.96, -62.95, -57.82, -63.87, -68.36
2026-08-30, 14:31:54.945383, 88000000, 93000000, 98039.22, 204, -47.44, -48.97, -45.54, -28.90, -14.61, -13.38, -23.66, -43.04, -54.74, -46.30, -45.76, -43.38, -37.10, -40.33, -38.96, -44.34, -49.41, -50.99, -43.39, -50.55, -43.23, -48.01, -54.81, -39.37, -37.51, -63.34, -45.66, -47.52, -50.64, -46.31, -46.62, -49.68, -40.71, -39.18, -44.24, -45.81, -53.18, -44.01, -44.14, -41.62, -42.51, -41.60, -46.22, -44.48, -52.84, -43.60, -41.06, -47.00, -42.82, -49.30, -43.17
2026-08-30, 14:31:54.945383, 98000000, 103000000, 98039.22, 204, -25.22, -30.39, -43.24, -50.51, -49.29, -49.54, -45.44, -50.33, -43.61, -52.78, -42.95, -51.80, -47.65, -44.05, -50.25, -48.21, -44.11, -47.59, -41.76, -43.36, -43.50, -40.32, -49.29, -46.30, -45.51, -43.56, -30.25, -27.65, -32.74, -46.14, -46.51, -50.04, -47.62, -41.37, -28.93, -22.37, -24.73, -37.20, -43.20, -49.62, -46.43, -39.40, -47.43, -41.59, -41.13, -25.53, -24.36, -32.46, -38.35, -47.18, -59.75
2026-08-30, 14:31:54.945383, 93000000, 98000000, 98039.22, 204, -51.86, -50.83, -52.26, -49.59, -52.06, -43.51, -39.03, -41.65, -47.04, -45.22, -44.17, -44.17, -55.26, -45.24, -55.88, -47.71, -50.33, -52.90, -51.95, -49.88, -52.84, -50.83, -47.15, -50.30, -53.65, -51.13, -46.02, -41.45, -52.22, -43.19, -34.99, -33.49, -37.51, -39.41, -41.28, -44.69, -47.17, -45.08, -47.46, -44.89, -50.83, -51.85, -50.51, -54.19, -52.80, -49.63, -50.63, -50.27, -54.12, -44.64, -32.35
2026-08-30, 14:31:54.945383, 103000000, 108000000, 98039.22, 204, -55.95, -45.03, -33.19, -34.55, -52.11, -56.09, -58.73, -57.44, -34.90, -28.08, -18.71, -15.15, -23.44, -31.03, -46.00, -62.61, -61.02, -54.97, -51.81, -57.45, -57.02, -53.96, -55.11, -63.77, -59.85, -54.34, -60.90, -56.02, -56.42, -61.35, -55.13, -50.81, -55.40, -57.97, -56.53, -47.83, -49.60, -64.62, -65.54, -58.74, -55.79, -67.58, -70.40, -46.35, -40.21, -45.50, -62.96, -60.38, -86.08, -67.91, -60.32
2026-08-30, 14:31:54.945383, 88000000, 93000000, 98039.22, 204, -46.67, -40.63, -40.80, -26.02, -13.46, -14.48, -29.44, -49.12, -42.61, -40.26, -42.01, -41.82, -38.31, -40.04, -39.98, -40.23, -40.26, -43.76, -48.10, -45.13, -41.25, -37.93, -47.54, -43.73, -40.16, -42.74, -41.94, -41.68, -40.96, -42.95, -37.60, -35.50, -37.91, -39.80, -41.10, -42.39, -44.16, -43.33, -40.20, -40.04, -40.56, -40.20, -39.90, -41.17, -43.86, -41.83, -45.04, -44.06, -41.06, -42.69, -46.09
2026-08-30, 14:31:54.945383, 98000000, 103000000, 98039.22, 204, -33.40, -25.76, -30.21, -45.06, -39.68, -40.57, -37.08, -37.28, -47.55, -42.73, -39.18, -37.80, -39.09, -39.16, -40.51, -41.26, -42.01, -44.87, -42.23, -41.36, -47.73, -44.92, -42.46, -42.41, -49.94, -49.28, -31.44, -28.08, -43.04, -35.52, -38.39, -42.63, -45.44, -52.03, -25.70, -22.39, -32.54, -45.59, -39.73, -40.05, -39.64, -37.47, -40.11, -41.12, -41.96, -26.06, -23.86, -31.61, -43.38, -41.62, -40.39
2026-08-30, 14:31:54.945383, 93000000, 98000000, 98039.22, 204, -51.90, -50.04, -48.57, -51.96, -55.51, -50.08, -41.45, -35.66, -38.90, -46.85, -43.08, -45.26, -57.48, -60.44, -55.92, -51.49, -49.37, -43.10, -44.91, -47.90, -49.66, -50.48, -49.71, -64.86, -58.94, -56.64, -53.18, -48.53, -48.40, -59.77, -40.30, -31.07, -33.22, -44.28, -53.29, -51.64, -46.44, -48.81, -47.06, -45.42, -51.04, -68.56, -52.57, -53.71, -52.38, -60.82, -49.04, -47.67, -46.54, -51.47, -57.88
2026-08-30, 14:31:54.945383, 103000000, 108000000, 98039.22, 204, -61.28, -43.37, -33.04, -34.42, -49.36, -56.87, -53.96, -48.05, -37.08, -30.30, -17.57, -14.64, -23.42, -39.86, -60.80, -58.35, -51.73, -52.11, -55.45, -54.13, -58.70, -64.18, -57.16, -64.43, -54.23, -46.10, -47.63, -53.50, -57.99, -66.98, -61.62, -62.76, -65.03, -59.15, -51.82, -47.72, -51.44, -69.27, -66.20, -57.60, -58.41, -64.51, -63.67, -43.72, -39.32, -44.21, -51.65, -58.20, -59.60, -55.44, -54.98
2026-08-30, 14:31:54.945383, 88000000, 93000000, 98039.22, 204, -43.34, -45.60, -44.95, -39.25, -19.60, -13.00, -19.44, -43.84, -41.24, -39.44, -42.84, -37.10, -33.01, -31.27, -34.82, -46.49, -37.83, -36.35, -38.81, -36.71, -33.96, -34.74, -36.37, -39.26, -35.27, -34.49, -40.61, -42.90, -40.81, -51.33, -38.01, -34.10, -32.42, -34.94, -49.86, -40.98, -40.31, -41.72, -34.98, -31.79, -33.15, -39.86, -40.42, -35.72, -36.57, -39.79, -36.15, -35.31, -42.81, -37.11, -31.69
2026-08-30, 14:31:54.945383, 98000000, 103000000, 98039.22, 204, -35.79, -28.03, -33.27, -43.11, -49.99, -48.22, -45.23, -35.64, -32.22, -31.24, -34.00, -42.61, -43.99, -38.51, -40.20, -35.28, -32.55, -34.15, -39.59, -37.36, -33.30, -34.16, -39.63, -38.50, -34.30, -36.12, -57.43, -31.56, -30.71, -36.64, -50.58, -43.65, -42.57, -41.71, -33.49, -22.99, -26.55, -36.11, -39.87, -35.78, -41.58, -51.98, -37.73, -34.50, -33.34, -26.44, -27.36, -46.21, -35.79, -38.48, -37.99
2026-08-30, 14:31:54.945383, 93000000, 98000000, 98039.22, 204, -60.83, -50.87, -48.95, -48.07, -58.06, -41.40, -37.08, -45.65, -42.78, -44.46, -52.72, -52.04, -52.29, -49.84, -59.98, -49.41, -45.07, -46.71, -52.63, -52.88, -46.56, -48.12, -47.74, -43.12, -43.62, -86.51, -42.13, -43.63, -47.55, -45.32, -36.40, -31.99, -37.80, -51.15, -51.75, -45.33, -48.51, -49.65, -55.30, -49.66, -60.22, -74.47, -57.27, -68.14, -54.86, -48.88, -45.72, -43.75, -47.74, -42.75, -31.30
2026-08-30, 14:31:54.945383, 103000000, 108000000, 98039.22, 204, -53.95, -45.56, -35.61, -32.91, -42.31, -78.07, -56.83, -54.10, -38.90, -24.84, -15.23, -15.34, -27.35, -47.23, -46.86, -51.57, -52.85, -56.12, -58.34, -51.19, -55.80, -68.70, -61.08, -80.83, -51.12, -47.95, -52.60, -53.47, -61.09, -61.18, -51.41, -51.68, -72.11, -55.74, -48.81, -49.11, -78.53, -55.44, -54.03, -52.81, -67.16, -53.89, -60.98, -41.02, -39.71, -51.97, -54.02, -54.75, -56.37, -57.80, -62.45
2026-08-30, 14:31:54.945383, 88000000, 93000000, 98039.22, 204, -46.39, -40.96, -39.59, -26.85, -14.20, -14.35, -26.35, -40.94, -42.46, -52.09, -40.22, -41.07, -36.23, -36.32, -44.36, -39.97, -53.60, -46.40, -41.65, -42.39, -38.02, -37.97, -41.27, -33.73, -38.92, -46.37, -43.68, -44.87, -59.42, -54.22, -43.53, -40.29, -46.56, -43.61, -41.91, -43.53, -39.54, -40.17, -43.03, -44.11, -40.74, -44.85, -43.77, -45.79, -47.27, -53.00, -57.47, -48.51, -44.48, -40.43, -40.72
2026-08-30, 14:31:54.945383, 98000000, 103000000, 98039.22, 204, -25.33, -27.90, -42.08, -36.29, -40.44, -46.77, -47.51, -43.19, -40.03, -46.43, -44.85, -43.30, -43.36, -37.29, -41.07, -49.98, -41.43, -45.42, -52.48, -45.62, -46.44, -53.65, -47.90, -41.75, -43.36, -45.75, -41.12, -30.03, -27.87, -32.78, -36.91, -42.86, -41.10, -40.74, -38.82, -24.27, -24.18, -41.01, -47.73, -40.99, -42.51, -36.40, -41.70, -40.37, -29.95, -26.77, -31.58, -41.95, -45.85, -43.65, -49.45
2026-08-30, 14:31:54.945383, 93000000, 98000000, 98039.22, 204, -56.91, -52.49, -54.73, -59.92, -61.70, -56.01, -45.81, -36.50, -39.91, -60.31, -51.27, -48.83, -48.99, -49.09, -54.18, -65.52, -51.14, -44.37, -43.75, -53.48, -54.23, -53.15, -47.78, -47.16, -53.74, -63.78, -46.83, -41.33, -48.78, -54.56, -37.11, -32.96, -38.07, -41.30, -43.15, -47.88, -53.47, -57.45, -48.90, -45.21, -50.08, -47.31, -50.95, -50.09, -47.66, -49.51, -60.81, -51.38, -56.40, -42.58, -41.59
2026-08-30, 14:31:54.945383, 103000000, 108000000, 98039.22, 204, -54.77, -80.76, -37.74, -32.96, -40.96, -51.20, -55.35, -55.63, -47.95, -30.67, -16.64, -15.32, -27.22, -30.29, -57.17, -65.02, -55.17, -63.60, -54.26, -52.84, -50.89, -55.90, -64.66, -58.58, -61.56, -55.88, -53.96, -57.98, -64.49, -54.68, -56.16, -64.48, -63.61, -64.96, -51.32, -51.48, -65.98, -62.74, -60.19, -60.73, -61.21, -58.64, -67.61, -45.09, -41.21, -49.78, -64.19, -66.21, -63.60, -56.42, -57.45
2026-08-30, 14:31:54.945383, 88000000, 93000000, 98039.22, 204, -71.18, -46.68, -42.02, -28.58, -14.21, -13.32, -25.43, -36.42, -52.46, -57.95, -49.86, -46.74, -39.74, -40.28, -48.84, -38.51, -43.33, -57.62, -45.35, -50.97, -44.22, -44.25, -41.54, -35.50, -39.00, -53.14, -47.68, -60.13, -48.78, -44.42, -45.81, -39.00, -38.49, -52.35, -57.74, -54.63, -45.79, -48.29, -55.47, -53.80, -50.80, -46.94, -50.79, -51.05, -52.29, -43.69, -41.21, -43.28, -47.83, -41.70, -42.47
2026-08-30, 14:31:54.945383, 98000000, 103000000, 98039.22, 204, -24.66, -29.76, -43.33, -43.30, -45.81, -52.62, -42.26, -42.27, -51.01, -46.63, -45.22, -47.53, -49.73, -46.17, -52.26, -50.97, -45.82, -56.68, -49.32, -53.65, -47.32, -43.19, -49.41, -62.48, -55.57, -47.74, -32.68, -28.49, -38.90, -36.93, -46.17, -49.83, -54.63, -45.01, -27.44, -21.57, -26.43, -50.12, -45.84, -46.75, -59.22, -38.12, -37.79, -40.50, -36.11, -25.81, -27.60, -50.15, -42.66, -48.01, -49.82
2026-08-30, 14:31:54.945383, 93000000, 98000000, 98039.22, 204, -50.57, -50.68, -55.14, -46.46, -49.62, -51.77, -39.32, -41.88, -55.01, -50.73, -48.05, -49.28, -57.66, -59.67, -64.37, -56.67, -49.74, -46.43, -56.38, -70.81, -62.41, -51.42, -44.71, -45.50, -51.48, -71.85, -70.45, -52.16, -71.19, -47.11, -38.99, -32.20, -36.90, -49.49, -54.22, -59.38, -55.64, -54.44, -49.96, -45.23, -52.40, -56.31, -68.64, -56.59, -55.27, -52.71, -50.00, -48.45, -47.04, -43.82, -35.39
2026-08-30, 14:31:54.945383, 103000000, 108000000, 98039.22, 204, -52.18, -37.62, -31.33, -36.44, -55.70, -56.46, -66.55, -48.43, -35.28, -24.72, -15.63, -15.02, -24.79, -43.67, -51.89, -59.83, -53.49, -63.49, -58.05, -58.30, -59.79, -67.99, -66.40, -61.91, -52.99, -53.97, -62.06, -60.16, -72.33, -64.04, -59.70, -60.01, -64.84, -60.44, -51.96, -50.43, -56.46, -61.19, -58.23, -55.13, -53.78, -55.02, -50.45, -41.00, -42.29, -54.48, -61.69, -70.00, -69.30, -63.37, -58.47
2026-08-30, 14:31:54.945383, 88000000, 93000000, 98039.22, 204, -37.46, -36.50, -33.38, -39.85, -16.88, -13.08, -22.58, -36.72, -41.15, -45.58, -52.22, -51.27, -35.25, -32.10, -34.97, -34.76, -34.27, -33.86, -34.30, -35.30, -35.47, -35.04, -35.94, -39.39, -54.10, -55.37, -43.79, -40.42, -37.52, -35.26, -33.35, -31.50, -32.20, -33.86, -34.86, -36.36, -37.48, -39.21, -44.13, -65.83, -48.80, -42.43, -38.50, -36.63, -35.87, -35.38, -35.40, -35.68, -35.52, -36.29, -39.51
2026-08-30, 14:31:54.945383, 98000000, 103000000, 98039.22, 204, -35.48, -27.61, -35.87, -34.91, -33.86, -35.81, -38.30, -38.65, -39.97, -45.14, -51.09, -48.81, -44.20, -38.93, -37.94, -38.43, -36.41, -34.26, -33.38, -34.05, -35.46, -38.13, -40.43, -40.00, -41.73, -40.30, -39.92, -28.34, -32.31, -39.42, -34.79, -34.62, -33.99, -33.97, -29.55, -23.13, -33.22, -35.36, -40.58, -48.83, -45.64, -36.44, -37.84, -43.55, -35.38, -27.35, -35.87, -33.56, -34.56, -35.77, -35.91
2026-08-30, 14:31:54.945383, 93000000, 98000000, 98039.22, 204, -50.73, -47.64, -47.57, -53.57, -55.45, -50.10, -39.18, -37.71, -47.25, -50.49, -51.40, -68.83, -57.52, -52.10, -51.80, -63.11, -59.26, -59.13, -51.69, -53.26, -52.49, -45.71, -44.69, -48.25, -54.29, -53.55, -47.15, -43.59, -49.19, -47.75, -47.92, -33.91, -33.64, -50.37, -49.12, -50.59, -52.61, -61.21, -60.50, -46.46, -49.39, -55.69, -52.11, -55.77, -58.15, -50.42, -54.11, -55.95, -52.40, -41.19, -50.47
2026-08-30, 14:31:54.945383, 103000000, 108000000, 98039.22, 204, -59.99, -43.08, -32.52, -34.83, -53.90, -62.88, -52.30, -51.13, -37.76, -39.71, -19.28, -14.37, -21.25, -33.62, -41.58, -54.67, -54.50, -59.36, -57.23, -57.08, -59.28, -59.93, -57.46, -62.13, -54.04, -53.46, -55.00, -53.81, -59.85, -69.45, -67.62, -61.88, -65.84, -71.47, -58.38, -51.94, -60.28, -71.06, -58.42, -56.37, -77.61, -74.95, -50.27, -40.65, -42.93, -62.24, -65.13, -67.49, -60.22, -56.79, -73.90
2026-08-30, 14:31:54.945383, 88000000, 93000000, 98039.22, 204, -52.88, -50.78, -50.79, -43.85, -17.26, -12.07, -18.99, -39.84, -46.53, -62.03, -56.06, -57.38, -37.72, -34.34, -42.43, -46.46, -49.11, -80.52, -57.28, -62.22, -61.05, -52.88, -42.88, -37.01, -41.70, -61.00, -56.87, -53.69, -50.60, -50.17, -53.96, -45.17, -43.63, -49.79, -54.43, -49.96, -65.67, -56.28, -55.30, -66.35, -52.82, -64.28, -59.81, -57.03, -55.50, -71.42, -57.45, -54.81, -59.94, -50.64, -51.77
2026-08-30, 14:31:54.945383, 98000000, 103000000, 98039.22, 204, -25.13, -26.66, -48.93, -45.32, -51.28, -49.87, -46.28, -48.19, -66.00, -60.54, -50.35, -48.29, -48.09, -49.43, -53.17, -57.21, -53.38, -50.23, -56.31, -45.82, -51.71, -56.01, -53.83, -56.32, -50.07, -51.66, -36.38, -27.84, -30.67, -44.77, -52.00, -59.46, -61.34, -44.42, -35.00, -22.21, -22.95, -36.69, -53.64, -58.37, -47.37, -38.99, -44.27, -51.85, -38.06, -25.58, -24.02, -34.39, -48.12, -49.52, -51.76
2026-08-30, 14:31:54.945383, 93000000, 98000000, 98039.22, 204, -46.00, -47.14, -51.37, -68.68, -51.09, -50.62, -41.58, -37.23, -44.81, -54.64, -50.89, -45.41, -49.75, -67.72, -57.89, -50.37, -46.79, -47.05, -47.75, -55.17, -55.42, -45.12, -44.19, -60.41, -49.55, -53.27, -51.22, -44.15, -40.48, -45.05, -36.51, -31.53, -35.00, -43.11, -56.53, -51.71, -53.52, -65.93, -48.83, -43.80, -48.54, -55.52, -58.93, -55.46, -53.40, -55.83, -50.37, -66.49, -69.71, -51.34, -33.84
2026-08-30, 14:31:54.945383, 103000000, 108000000, 98039.22, 204, -59.49, -51.24, -35.63, -32.27, -41.45, -52.78, -58.66, -55.76, -36.66, -27.62, -17.23, -14.57, -21.95, -49.46, -49.07, -53.24, -50.94, -59.74, -58.50, -62.65, -59.72, -63.26, -62.48, -58.33, -57.01, -50.83, -56.88, -66.20, -60.75, -58.36, -58.39, -59.03, -68.00, -63.47, -61.38, -56.87, -50.38, -55.91, -62.94, -54.33, -62.28, -58.80, -43.32, -41.21, -53.95, -54.59, -57.80, -62.34, -62.90, -59.94, -59.47
2026-08-30, 14:31:54.945383, 88000000, 93000000, 98039.22, 204, -51.71, -47.62, -45.84, -39.12, -20.02, -12.07, -16.48, -42.07, -59.21, -51.86, -51.99, -50.06, -39.18, -36.75, -47.47, -48.08, -54.85, -67.41, -56.26, -53.96, -53.05, -48.60, -48.24, -40.47, -46.01, -49.14, -57.05, -55.76, -59.03, -56.88, -47.91, -46.93, -55.94, -52.14, -61.71, -62.04, -54.72, -59.32, -47.77, -48.09, -50.53, -46.82, -51.09, -54.04, -49.24, -51.35, -60.23, -63.40, -58.02, -56.97, -60.25
2026-08-30, 14:31:54.945383, 98000000, 103000000, 98039.22, 204, -24.22, -28.05, -53.09, -46.38, -53.19, -46.15, -41.44, -45.01, -51.66, -45.07, -42.62, -49.43, -50.16, -51.05, -49.42, -49.67, -50.08, -48.46, -47.18, -51.05, -49.40, -52.85, -60.89, -60.75, -52.94, -48.17, -31.31, -27.29, -35.59, -43.91, -51.49, -56.76, -51.89, -42.85, -32.66, -22.20, -25.08, -42.63, -44.52, -52.85, -52.49, -42.00, -40.12, -47.24, -41.90, -25.84, -24.06, -33.70, -69.80, -59.03, -59.78
2026-08-30, 14:31:54.945383, 93000000, 98000000, 98039.22, 204, -52.59, -51.52, -48.47, -58.70, -60.67, -50.59, -37.90, -38.05, -48.18, -46.09, -41.85, -42.96, -45.70, -49.03, -56.82, -54.62, -46.75, -44.92, -45.70, -47.22, -47.23, -48.55, -49.77, -58.30, -49.62, -47.71, -50.16, -44.23, -41.74, -43.42, -37.52, -33.03, -38.27, -45.50, -50.06, -46.70, -49.89, -56.98, -53.37, -45.95, -48.36, -51.75, -56.25, -64.67, -57.85, -50.66, -49.34, -59.49, -54.98, -47.18, -38.47
2026-08-30, 14:31:54.945383, 103000000, 108000000, 98039.22, 204, -60.51, -41.93, -32.16, -34.53, -57.70, -58.13, -62.31, -54.12, -34.63, -28.35, -17.85, -15.05, -25.91, -30.59, -45.26, -51.98, -57.49, -57.97, -60.27, -55.61, -59.39, -60.31, -63.76, -58.59, -57.65, -52.41, -52.90, -61.85, -56.85, -57.15, -59.45, -60.79, -54.38, -59.90, -59.59, -50.38, -49.91, -58.95, -63.35, -54.62, -53.10, -55.06, -45.39, -39.73, -45.79, -56.73, -54.22, -56.91, -60.94, -69.36, -64.09
2026-08-30, 14:31:54.958474, 88000000, 93000000, 98039.22, 204, -40.24, -43.21, -38.96, -24.60, -13.57, -14.70, -32.00, -32.93, -41.98, -38.77, -36.94, -39.67, -35.22, -33.15, -36.54, -39.19, -40.01, -40.98, -37.85, -47.69, -36.96, -37.36, -48.22, -56.36, -57.54, -39.17, -39.83, -40.30, -37.00, -41.00, -39.10, -33.64, -38.44, -40.25, -35.32, -41.04, -36.69, -39.67, -40.38, -38.10, -42.54, -35.20, -37.37, -43.43, -39.22, -39.07, -40.65, -39.64, -45.51, -43.00, -40.31
2026-08-30, 14:31:54.958474, 98000000, 103000000, 98039.22, 204, -27.04, -27.46, -39.47, -40.23, -41.17, -44.46, -44.74, -54.17, -42.27, -43.33, -50.28, -41.95, -41.66, -44.73, -37.51, -51.82, -37.92, -38.02, -40.41, -40.43, -41.32, -38.91, -40.76, -41.77, -39.79, -43.01, -31.51, -30.01, -37.09, -37.60, -37.67, -43.35, -37.47, -35.30, -23.58, -23.13, -36.85, -39.94, -38.55, -43.00, -40.72, -40.51, -46.14, -39.87, -36.71, -26.80, -26.25, -37.15, -39.12, -44.42, -42.19
2026-08-30, 14:31:54.958474, 93000000, 98000000, 98039.22, 204, -61.70, -61.56, -73.54, -51.89, -52.23, -55.05, -40.64, -37.47, -43.62, -48.56, -44.40, -51.10, -58.35, -57.39, -57.46, -56.47, -49.00, -45.87, -60.85, -57.75, -45.87, -50.03, -47.11, -47.79, -51.96, -46.29, -45.09, -46.17, -50.28, -46.01, -40.68, -32.55, -35.58, -44.59, -44.75, -44.93, -43.40, -52.70, -56.89, -57.56, -48.71, -52.45, -58.22, -51.40, -48.68, -44.81, -52.48, -50.75, -45.12, -50.64, -38.39
2026-08-30, 14:31:54.958474, 103000000, 108000000, 98039.22, 204, -64.51, -54.15, -35.34, -32.41, -40.18, -58.84, -54.72, -52.17, -33.85, -32.82, -16.96, -14.99, -24.26, -31.55, -45.22, -51.04, -68.22, -69.13, -53.33, -52.81, -53.25, -55.72, -61.98, -56.66, -51.33, -51.71, -53.86, -54.49, -55.09, -58.43, -59.34, -61.27, -67.70, -65.41, -62.70, -56.00, -52.78, -66.30, -57.74, -63.50, -57.94, -54.43, -67.55, -43.76, -41.39, -48.67, -58.13, -69.17, -66.82, -67.80, -69.79
2026-08-30, 14:31:54.958474, 88000000, 93000000, 98039.22, 204, -52.05, -46.85, -44.69, -27.62, -13.74, -13.48, -26.93, -42.07, -58.74, -56.13, -48.82, -47.06, -41.45, -35.74, -42.14, -50.49, -51.07, -53.58, -64.80, -54.40, -62.29, -51.29, -58.96, -40.95, -42.14, -49.01, -55.65, -49.36, -53.67, -53.69, -44.48, -41.21, -56.17, -48.44, -49.84, -57.30, -51.03, -49.42, -66.87, -47.62, -51.59, -50.04, -49.55, -61.24, -49.56, -48.36, -51.54, -46.86, -49.45, -49.63, -49.89
2026-08-30, 14:31:54.958474, 98000000, 103000000, 98039.22, 204, -30.78, -24.90, -30.67, -44.05, -45.34, -49.82, -43.46, -41.97, -47.42, -44.47, -50.30, -57.78, -51.68, -53.81, -57.36, -59.18, -50.13, -48.06, -52.98, -47.73, -50.38, -74.73, -53.46, -51.82, -49.11, -44.54, -36.18, -27.33, -32.40, -41.63, -54.36, -48.88, -48.18, -50.10, -34.56, -22.60, -23.30, -37.96, -53.88, -67.06, -48.18, -38.82, -40.65, -46.02, -38.14, -25.24, -26.72, -40.07, -52.56, -64.63, -62.43
2026-08-30, 14:31:54.958474, 93000000, 98000000, 98039.22, 204, -42.96, -49.90, -49.63, -51.25, -49.41, -45.17, -37.64, -36.72, -46.23, -53.00, -52.57, -49.58, -52.69, -55.00, -63.77, -66.77, -58.60, -73.81, -60.13, -55.25, -51.32, -47.35, -45.01, -54.37, -60.27, -52.36, -45.05, -42.75, -52.19, -51.41, -37.68, -33.43, -38.81, -45.00, -46.92, -45.72, -50.56, -50.23, -47.27, -46.41, -46.82, -46.16, -50.25, -49.09, -54.60, -52.59, -55.75, -52.54, -58.29, -51.31, -36.91
2026-08-30, 14:31:54.958474, 103000000, 108000000, 98039.22, 204, -56.38, -53.44, -35.09, -32.62, -42.33, -57.43, -54.06, -51.74, -40.67, -30.88, -16.76, -15.27, -28.64, -34.62, -49.58, -58.11, -66.72, -72.06, -66.98, -54.20, -52.95, -58.77, -56.44, -57.06, -55.35, -49.76, -47.93, -49.24, -56.89, -56.69, -52.78, -52.51, -53.09, -54.06, -58.69, -54.67, -51.25, -55.50, -60.00, -57.27, -61.60, -56.16, -51.84, -40.39, -42.03, -54.72, -64.17, -69.11, -62.08, -61.48, -59.90
2026-08-30, 14:31:54.958474, 88000000, 93000000, 98039.22, 204, -41.38, -40.47, -39.02, -35.77, -15.64, -12.77, -22.84, -38.28, -38.89, -41.62, -40.11, -39.33, -34.45, -33.55, -39.75, -40.42, -40.75, -39.31, -38.98, -39.90, -38.86, -37.13, -41.85, -49.74, -43.94, -42.88, -40.98, -38.41, -38.17, -39.39, -35.83, -34.33, -36.16, -36.42, -37.78, -42.54, -42.72, -40.82, -41.40, -41.92, -38.22, -37.04, -37.53, -37.25, -38.06, -40.26, -42.16, -41.72, -41.24, -40.20, -38.98
2026-08-30, 14:31:54.958474, 98000000, 103000000, 98039.22, 204, -27.16, -28.28, -40.75, -40.34, -42.38, -39.15, -36.04, -37.03, -39.85, -39.34, -39.50, -38.82, -39.35, -44.39, -44.05, -39.53, -38.94, -39.68, -38.38, -38.38, -38.12, -37.46, -40.32, -43.71, -40.30, -38.50, -34.23, -27.16, -27.31, -38.44, -38.49, -38.79, -40.03, -39.85, -41.23, -25.05, -23.87, -39.03, -38.73, -41.21, -38.02, -34.02, -35.76, -42.72, -36.60, -25.26, -27.76, -49.85, -41.56, -40.85, -40.40
2026-08-30, 14:31:54.958474, 93000000, 98000000, 98039.22, 204, -56.84, -47.52, -51.46, -60.26, -55.97, -49.33, -37.98, -38.46, -47.25, -55.11, -50.13, -46.94, -62.04, -50.26, -54.09, -64.26, -54.81, -52.86, -56.26, -55.77, -56.19, -59.95, -45.95, -48.41, -55.28, -50.97, -58.54, -44.54, -45.34, -46.96, -43.81, -33.03, -35.68, -47.82, -53.07, -44.27, -45.13, -49.53, -47.31, -46.49, -56.68, -60.00, -51.51, -53.66, -48.70, -51.09, -56.42, -48.28, -41.16, -53.14, -39.20
2026-08-30, 14:31:54.958474, 103000000, 108000000, 98039.22, 204, -55.03, -47.56, -34.39, -33.14, -45.97, -50.20, -56.50, -54.57, -39.70, -43.92, -17.61, -15.07, -26.06, -37.49, -46.85, -58.70, -50.02, -53.23, -61.74, -58.81, -53.18, -60.79, -59.76, -54.46, -61.39, -55.16, -59.67, -58.19, -63.17, -63.15, -58.88, -56.89, -54.97, -60.59, -55.00, -50.61, -58.24, -69.62, -63.29, -54.76, -56.67, -61.94, -53.54, -42.24, -41.46, -50.85, -57.95, -60.42, -76.70, -68.92, -62.63
2026-08-30, 14:31:54.958474, 88000000, 93000000, 98039.22, 204, -43.67, -47.84, -41.16, -38.80, -16.75, -13.10, -21.82, -35.89, -37.12, -42.47, -42.91, -36.05, -53.22, -39.41, -35.22, -34.47, -38.68, -42.84, -39.37, -49.04, -41.22, -33.63, -36.24, -40.08, -36.60, -39.23, -40.89, -46.97, -49.79, -38.78, -36.03, -35.51, -37.34, -38.98, -36.70, -40.95, -46.29, -37.90, -37.37, -35.37, -33.37, -34.84, -35.67, -41.68, -40.97, -48.40, -39.72, -35.14, -35.63, -37.56, -32.58
2026-08-30, 14:31:54.958474, 98000000, 103000000, 98039.22, 204, -28.17, -28.93, -52.70, -35.26, -39.43, -48.61, -51.97, -45.67, -41.96, -33.05, -34.50, -36.39, -39.07, -42.72, -45.57, -40.76, -40.54, -37.17, -37.30, -33.56, -34.14, -40.30, -42.60, -57.78, -46.05, -36.37, -28.83, -26.11, -30.20, -41.84, -38.25, -49.59, -50.92, -50.91, -39.57, -25.76, -23.71, -37.38, -35.69, -41.67, -42.41, -62.82, -44.67, -37.38, -31.75, -25.73, -29.19, -58.95, -38.72, -41.97, -47.26
2026-08-30, 14:31:54.958474, 93000000, 98000000, 98039.22, 204, -46.95, -53.75, -48.85, -49.16, -54.79, -45.75, -40.22, -39.24, -49.96, -56.32, -48.98, -48.20, -48.23, -47.25, -55.07, -64.16, -50.48, -49.81, -45.63, -49.79, -63.59, -45.81, -42.10, -49.99, -52.71, -58.00, -68.04, -45.77, -43.14, -47.57, -37.41, -31.79, -38.24, -49.09, -53.23, -48.32, -48.98, -48.17, -47.62, -48.30, -47.29, -49.65, -46.81, -50.68, -53.31, -50.65, -58.38, -52.20, -57.21, -42.48, -34.27
2026-08-30, 14:31:54.958474, 103000000, 108000000, 98039.22, 204, -57.92, -46.03, -33.42, -32.86, -44.94, -54.32, -55.53, -52.12, -42.81, -30.98, -17.66, -14.34, -20.95, -40.18, -54.25, -61.31, -61.97, -61.54, -55.98, -52.96, -63.54, -57.55, -57.82, -55.19, -58.81, -53.88, -51.18, -54.58, -58.31, -70.34, -59.38, -56.66, -57.26, -60.37, -52.92, -49.32, -54.28, -70.11, -63.42, -59.18, -58.49, -67.19, -62.29, -42.57, -40.83, -54.77, -51.36, -60.34, -86.31, -70.57, -60.65
2026-08-30, 14:31:54.958474, 88000000, 93000000, 98039.22, 204, -45.57, -54.12, -44.83, -27.17, -14.03, -13.63, -25.95, -39.77, -48.16, -55.80, -47.06, -57.28, -34.95, -34.21, -59.92, -52.03, -47.30, -47.50, -54.96, -58.02, -48.86, -48.89, -40.19, -42.17, -50.50, -50.84, -48.21, -46.02, -50.33, -53.26, -54.98, -45.48, -47.71, -46.24, -48.46, -52.05, -45.42, -51.98, -43.68, -44.15, -46.30, -47.79, -46.70, -55.42, -48.35, -55.75, -51.58, -52.25, -43.61, -44.16, -47.63
2026-08-30, 14:31:54.958474, 98000000, 103000000, 98039.22, 204, -25.53, -28.19, -37.90, -42.23, -43.29, -45.79, -50.23, -43.58, -54.25, -43.51, -45.31, -48.69, -44.27, -47.26, -48.00, -51.99, -51.08, -44.28, -42.59, -50.76, -45.09, -44.87, -72.11, -47.53, -44.40, -47.93, -36.57, -29.30, -34.30, -39.87, -43.77, -46.60, -46.52, -56.05, -30.44, -21.84, -24.41, -39.96, -44.90, -43.59, -45.98, -38.87, -44.14, -51.03, -32.15, -24.45, -27.16, -36.78, -49.69, -49.92, -55.63
2026-08-30, 14:31:54.958474, 93000000, 98000000, 98039.22, 204, -47.60, -45.05, -49.05, -67.84, -50.85, -42.42, -35.77, -37.24, -49.47, -61.82, -52.84, -50.20, -53.88, -59.42, -59.60, -49.62, -43.70, -42.05, -43.96, -47.19, -61.19, -45.96, -40.63, -43.39, -49.75, -46.24, -42.84, -39.46, -41.77, -47.05, -41.24, -31.88, -35.33, -53.64, -50.84, -44.47, -49.01, -54.02, -50.75, -55.30, -51.68, -48.99, -51.54, -58.48, -51.68, -47.10, -46.33, -50.53, -49.72, -41.83, -37.39
2026-08-30, 14:31:54.958474, 103000000, 108000000, 98039.22, 204, -48.61, -49.31, -37.25, -31.55, -35.78, -50.79, -54.21, -44.96, -43.08, -42.78, -18.42, -14.93, -23.98, -42.84, -42.23, -72.59, -58.98, -62.10, -52.12, -53.28, -56.85, -55.63, -55.81, -55.49, -51.32, -50.57, -58.53, -64.24, -64.34, -58.88, -58.39, -68.70, -63.98, -62.20, -53.12, -51.52, -61.09, -62.75, -63.10, -83.87, -60.93, -70.61, -44.44, -40.16, -48.63, -59.65, -59.38, -61.32, -57.39, -57.54, -64.70
2026-08-30, 14:31:54.958474, 88000000, 93000000, 98039.22, 204, -57.79, -59.03, -42.47, -23.71, -12.91, -14.60, -31.21, -50.99, -49.08, -55.69, -54.29, -49.59, -36.46, -35.75, -46.55, -68.44, -57.40, -50.96, -54.31, -56.78, -52.62, -47.60, -41.58, -37.62, -44.54, -62.88, -56.01, -51.63, -48.85, -50.94, -54.78, -46.94, -50.02, -50.93, -49.66, -59.99, -65.96, -54.61, -53.13, -50.29, -52.79, -67.40, -57.79, -50.42, -52.58, -64.87, -63.46, -63.30, -51.79, -47.63, -47.46
2026-08-30, 14:31:54.958474, 98000000, 103000000, 98039.22, 204, -25.70, -26.27, -40.35, -49.02, -42.82, -48.24, -42.68, -41.96, -53.96, -57.39, -54.73, -55.60, -59.35, -66.97, -57.24, -54.67, -55.39, -63.95, -71.18, -49.74, -49.89, -60.78, -57.94, -49.95, -49.66, -45.86, -31.03, -27.29, -34.45, -49.91, -49.30, -57.27, -56.71, -49.33, -36.18, -22.76, -22.83, -36.54, -60.57, -47.55, -47.89, -43.99, -47.41, -60.19, -39.92, -25.65, -24.57, -34.64, -58.35, -56.31, -52.33
2026-08-30, 14:31:54.958474, 93000000, 98000000, 98039.22, 204, -44.17, -43.75, -46.59, -47.24, -47.85, -48.57, -45.15, -39.49, -43.77, -46.20, -45.64, -45.08, -46.84, -52.81, -48.25, -45.66, -55.22, -52.22, -53.01, -54.64, -47.79, -48.24, -50.17, -55.43, -53.21, -60.56, -59.28, -47.05, -49.98, -49.88, -49.24, -32.78, -33.65, -47.05, -46.46, -44.04, -48.66, -55.74, -47.94, -45.10, -44.67, -54.15, -48.18, -43.95, -43.75, -48.45, -50.03, -46.34, -45.10, -38.66, -40.53
2026-08-30, 14:31:54.958474, 103000000, 108000000, 98039.22, 204, -57.68, -46.85, -34.08, -32.53, -43.24, -47.93, -57.67, -51.69, -36.43, -47.48, -17.67, -14.90, -24.32, -38.02, -41.87, -50.95, -56.00, -57.19, -53.86, -53.26, -52.98, -55.64, -58.04, -53.47, -51.78, -53.04, -54.56, -52.31, -52.83, -58.61, -60.00, -66.78, -62.40, -64.17, -58.86, -49.22, -50.36, -54.54, -53.53, -52.18, -54.18, -56.43, -55.54, -46.53, -40.83, -47.05, -60.73, -70.80, -58.05, -61.80, -68.72
2026-08-30, 14:31:54.958474, 88000000, 93000000, 98039.22, 204, -43.96, -47.83, -46.41, -33.43, -15.76, -12.47, -20.55, -50.06, -45.00, -44.66, -55.02, -42.51, -43.70, -35.00, -38.65, -47.88, -44.22, -48.50, -46.52, -51.26, -46.00, -43.25, -39.54, -42.98, -40.48, -46.05, -46.87, -47.85, -43.64, -47.04, -40.87, -53.17, -41.27, -40.89, -44.05, -48.43, -47.04, -47.46, -44.47, -39.18, -41.67, -43.49, -52.89, -42.44, -45.61, -44.58, -45.75, -43.96, -41.17, -45.61, -40.58
2026-08-30, 14:31:54.958474, 98000000, 103000000, 98039.22, 204, -26.53, -26.38, -33.56, -45.96, -46.09, -48.08, -52.78, -42.54, -40.79, -42.83, -45.97, -42.65, -42.96, -42.04, -49.13, -45.89, -44.75, -42.95, -43.62, -46.21, -41.14, -41.18, -43.72, -42.14, -49.37, -35.79, -29.59, -29.98, -35.76, -51.38, -42.88, -44.15, -45.26, -39.75, -24.68, -21.47, -28.84, -42.51, -41.26, -49.64, -41.13, -40.37, -56.08, -45.90, -30.69, -24.59, -27.61, -37.87, -45.97, -47.68, -46.04
2026-08-30, 14:31:54.958474, 93000000, 98000000, 98039.22, 204, -55.60, -56.75, -55.34, -55.08, -61.15, -53.19, -40.73, -36.98, -47.30, -55.98, -62.44, -66.28, -47.79, -45.71, -51.85, -54.75, -49.60, -48.10, -45.75, -52.50, -48.83, -54.51, -47.85, -46.80, -49.09, -51.73, -52.42, -45.83, -52.62, -53.77, -36.13, -31.84, -37.91, -52.14, -54.16, -47.39, -54.26, -60.73, -55.77, -52.35, -54.10, -57.58, -54.60, -50.72, -52.06, -57.92, -53.79, -52.72, -48.63, -43.67, -31.30
2026-08-30, 14:31:54.958474, 103000000, 108000000, 98039.22, 204, -53.29, -37.06, -32.09, -38.73, -68.58, -59.45, -55.10, -54.56, -38.06, -36.36, -18.03, -15.24, -27.62, -32.13, -53.24, -50.28, -59.45, -65.86, -67.56, -59.01, -57.68, -57.41, -66.25, -61.46, -56.04, -51.78, -55.69, -70.82, -70.86, -65.29, -53.05, -52.27, -65.22, -62.08, -53.99, -51.05, -56.45, -64.68, -62.32, -61.47, -66.38, -65.24, -55.07, -41.93, -41.16, -59.04, -53.19, -61.84, -64.03, -62.52, -59.29
2026-08-30, 14:31:54.958474, 88000000, 93000000, 98039.22, 204, -45.15, -48.65, -52.60, -43.57, -21.10, -12.08, -15.24, -37.38, -44.45, -49.01, -51.69, -51.99, -39.61, -36.76, -43.59, -53.01, -51.78, -59.67, -73.46, -55.64, -63.29, -55.31, -47.25, -40.05, -44.96, -54.55, -52.96, -59.55, -49.95, -50.19, -53.36, -41.81, -47.12, -54.97, -54.51, -56.10, -55.24, -56.98, -57.34, -46.69, -48.44, -49.41, -52.82, -47.08, -51.57, -54.14, -51.88, -56.04, -49.85, -48.74, -51.57
2026-08-30, 14:31:54.958474, 98000000, 103000000, 98039.22, 204, -25.83, -25.71, -39.33, -57.43, -47.61, -56.74, -46.52, -43.23, -51.67, -51.04, -47.55, -52.33, -52.61, -50.35, -50.20, -49.17, -55.72, -55.51, -63.04, -60.17, -58.70, -49.26, -56.75, -48.57, -49.46, -42.85, -30.22, -28.00, -36.64, -46.00, -50.02, -46.60, -53.90, -44.93, -28.55, -20.94, -25.53, -44.17, -45.85, -66.13, -45.30, -41.64, -43.11, -45.97, -29.78, -24.24, -32.58, -44.98, -53.91, -57.38, -73.86
2026-08-30, 14:31:54.958474, 93000000, 98000000, 98039.22, 204, -52.47, -48.99, -54.92, -53.32, -65.64, -50.90, -40.37, -38.26, -45.22, -50.02, -48.96, -58.21, -64.97, -50.45, -49.88, -52.04, -49.40, -54.43, -61.36, -63.37, -59.22, -52.32, -49.25, -47.03, -54.08, -56.97, -50.01, -47.37, -53.80, -49.93, -39.81, -32.38, -36.13, -52.87, -46.58, -42.79, -43.38, -47.66, -50.98, -62.37, -47.80, -60.20, -46.69, -46.65, -45.70, -56.18, -49.82, -50.03, -52.83, -41.09, -28.91
2026-08-30, 14:31:54.958474, 103000000, 108000000, 98039.22, 204, -54.51, -43.81, -33.09, -33.89, -50.79, -53.48, -55.52, -65.86, -52.09, -31.08, -16.68, -15.30, -27.75, -32.85, -54.92, -55.03, -62.78, -56.54, -53.25, -52.12, -49.57, -55.20, -59.71, -61.07, -64.29, -54.12, -56.93, -65.54, -56.51, -61.73, -51.70, -50.33, -61.12, -58.33, -56.66, -47.78, -50.64, -61.64, -64.61, -66.39, -58.97, -58.27, -62.42, -43.67, -40.85, -49.12, -62.89, -68.62, -64.07, -71.67, -58.17
